method,split,seed,episodes,success_rate,mean_edge_f1,mean_birth_f1,mean_death_f1,mean_graph_edit,mean_component_accuracy,mean_jam_f1,mean_safety_violation_rate,mean_chain_contact_rate,mean_pocket_contact_rate,mean_fixture_contact_rate,mean_wall_contact_rate,mean_final_progress,mean_final_y_error,mean_energy
contact_implicit_mpc_baseline,combined_stress,0,8,0.25000,0.85388,0.70456,0.90742,0.05703,0.60625,0.62500,0.30664,0.33125,0.30664,0.25977,0.00976,0.58306,0.09948,17.17060
contact_implicit_mpc_baseline,combined_stress,1,8,0.12500,0.87954,0.74258,0.91888,0.04927,0.67891,0.62500,0.19922,0.34648,0.32422,0.15859,0.00781,0.59096,0.09988,15.24557
contact_implicit_mpc_baseline,combined_stress,2,8,0.00000,0.87711,0.71745,0.90365,0.05469,0.61328,0.62500,0.28515,0.36328,0.34571,0.18750,0.00586,0.55745,0.06447,20.15787
contact_implicit_mpc_baseline,combined_stress,3,8,0.12500,0.84615,0.73398,0.86159,0.06973,0.64492,0.62500,0.29883,0.34844,0.32813,0.24023,0.00586,0.65888,0.05661,15.17434
contact_implicit_mpc_baseline,combined_stress,4,8,0.00000,0.79011,0.66146,0.73958,0.08887,0.42383,1.00000,0.58984,0.01172,0.00586,0.40820,0.01367,0.42311,0.13026,25.34331
contact_implicit_mpc_baseline,combined_stress,5,8,0.25000,0.88705,0.80111,0.92214,0.05610,0.74453,0.50000,0.20117,0.44844,0.42188,0.17969,0.00586,0.50203,0.04885,15.08515
contact_implicit_mpc_baseline,combined_stress,6,8,0.00000,0.89342,0.75846,0.95508,0.03906,0.72070,0.50000,0.09961,0.48828,0.46094,0.07812,0.00976,0.76549,0.10180,13.72043
contact_implicit_mpc_baseline,contact_chain_transfer,0,8,0.00000,0.94440,0.93555,0.87631,0.02368,0.81055,0.87500,0.00000,0.12109,0.11524,0.00000,0.00976,0.45610,0.15027,11.55703
contact_implicit_mpc_baseline,contact_chain_transfer,1,8,0.00000,0.97852,0.96094,0.99805,0.00513,0.95898,0.87500,0.00000,0.12109,0.11524,0.00000,0.00195,0.18010,0.04933,11.98507
contact_implicit_mpc_baseline,contact_chain_transfer,2,8,0.00000,0.95222,0.95703,0.87826,0.02075,0.83399,0.62500,0.00000,0.36328,0.34571,0.00000,0.00586,0.46614,0.06899,10.72843
contact_implicit_mpc_baseline,contact_chain_transfer,3,8,0.00000,0.95599,0.96094,0.88802,0.01904,0.84766,0.50000,0.00000,0.48438,0.46094,0.00000,0.00391,0.55047,0.04689,11.62807
contact_implicit_mpc_baseline,contact_chain_transfer,4,8,0.12500,0.95370,0.93502,0.99023,0.00986,0.92109,0.87500,0.00000,0.11875,0.10000,0.00000,0.00781,0.24068,0.05804,24.17818
contact_implicit_mpc_baseline,contact_chain_transfer,5,8,0.00000,0.94824,0.94141,0.88216,0.02246,0.82227,0.50000,0.00000,0.48438,0.46289,0.00000,0.00195,0.55723,0.08093,11.79157
contact_implicit_mpc_baseline,contact_chain_transfer,6,8,0.12500,0.92500,0.95430,0.77826,0.03359,0.73125,0.62500,0.00000,0.35469,0.32422,0.00000,0.00391,0.45596,0.04738,11.53588
contact_implicit_mpc_baseline,fixture_topology_shift,0,8,0.00000,0.65703,0.35547,0.82227,0.16455,0.21875,0.87500,0.32422,0.00391,0.00000,0.17774,0.00586,0.07021,0.07477,42.86397
contact_implicit_mpc_baseline,fixture_topology_shift,1,8,0.00000,0.74167,0.38346,0.86068,0.10889,0.25586,1.00000,0.56055,0.00391,0.00195,0.39844,0.00195,0.07426,0.06619,40.96152
contact_implicit_mpc_baseline,fixture_topology_shift,2,8,0.00000,0.72982,0.43685,0.86419,0.11670,0.33984,0.75000,0.34766,0.00000,0.00000,0.20117,0.00195,0.07269,0.05136,34.18068
contact_implicit_mpc_baseline,fixture_topology_shift,3,8,0.00000,0.82578,0.70768,0.89583,0.08081,0.61523,0.75000,0.26367,0.00781,0.00000,0.17187,0.00781,0.34663,0.13401,24.39176
contact_implicit_mpc_baseline,fixture_topology_shift,4,8,0.00000,0.69805,0.36549,0.86328,0.13720,0.25195,0.75000,0.45117,0.00195,0.00195,0.31250,0.00000,0.04176,0.02081,40.95244
contact_implicit_mpc_baseline,fixture_topology_shift,5,8,0.00000,0.60398,0.21094,0.87760,0.19922,0.12305,0.87500,0.32617,0.00000,0.00000,0.17969,0.00000,0.00000,0.01715,44.22329
contact_implicit_mpc_baseline,fixture_topology_shift,6,8,0.00000,0.64743,0.28301,0.88346,0.18213,0.20312,0.62500,0.33984,0.00195,0.00000,0.19531,0.00195,0.06620,0.02666,33.29702
contact_implicit_mpc_baseline,friction_mass_shift,0,8,0.00000,0.85618,0.68229,0.76172,0.07104,0.66992,0.50000,0.00000,0.48438,0.46094,0.00195,0.00781,0.68669,0.05017,12.35846
contact_implicit_mpc_baseline,friction_mass_shift,1,8,0.25000,0.91094,0.91641,0.81927,0.03721,0.70234,0.50000,0.00000,0.46719,0.41797,0.00000,0.00781,0.77392,0.11213,11.79464
contact_implicit_mpc_baseline,friction_mass_shift,2,8,0.12500,0.94961,0.88724,0.99544,0.01499,0.88008,0.50000,0.00000,0.47578,0.44336,0.00000,0.00586,0.69869,0.08198,11.66567
contact_implicit_mpc_baseline,friction_mass_shift,3,8,0.12500,0.94128,0.93476,0.88542,0.02280,0.81758,0.50000,0.00000,0.47578,0.43946,0.00000,0.00391,0.60072,0.07642,11.93205
contact_implicit_mpc_baseline,friction_mass_shift,4,8,0.12500,0.92448,0.88594,0.88984,0.02803,0.77578,0.62500,0.00000,0.35469,0.32813,0.00000,0.00586,0.50765,0.05692,11.63386
contact_implicit_mpc_baseline,friction_mass_shift,5,8,0.25000,0.95964,0.91875,0.99609,0.01065,0.91484,0.37500,0.00000,0.58828,0.53321,0.00000,0.00391,0.72817,0.09206,11.56255
contact_implicit_mpc_baseline,friction_mass_shift,6,8,0.37500,0.92565,0.90352,0.88620,0.02759,0.79180,0.37500,0.00000,0.58789,0.52383,0.00000,0.00391,0.82022,0.11239,11.61982
contact_implicit_mpc_baseline,nominal_push_to_pocket,0,8,0.12500,0.98008,0.97227,1.00000,0.00347,0.97227,0.00000,0.00000,0.96016,0.90040,0.00000,0.00000,0.81490,0.01971,11.24398
contact_implicit_mpc_baseline,nominal_push_to_pocket,1,8,0.25000,0.86537,0.85859,0.99414,0.02158,0.85664,0.12500,0.00000,0.83047,0.76368,0.00195,0.00000,0.75333,0.02781,27.08678
contact_implicit_mpc_baseline,nominal_push_to_pocket,2,8,0.25000,0.97245,0.95547,1.00000,0.00557,0.95547,0.00000,0.00000,0.95156,0.87891,0.00000,0.00000,0.81351,0.01723,11.00168
contact_implicit_mpc_baseline,nominal_push_to_pocket,3,8,0.25000,0.97708,0.95781,1.00000,0.00528,0.95781,0.00000,0.00000,0.95156,0.88282,0.00000,0.00000,0.81569,0.01558,11.02992
contact_implicit_mpc_baseline,nominal_push_to_pocket,4,8,0.25000,0.97070,0.95977,1.00000,0.00503,0.95977,0.00000,0.00000,0.95156,0.88086,0.00000,0.00000,0.81665,0.01727,11.22315
contact_implicit_mpc_baseline,nominal_push_to_pocket,5,8,0.25000,0.97930,0.96992,1.00000,0.00376,0.96992,0.00000,0.00000,0.95156,0.87891,0.00000,0.00000,0.81716,0.01509,11.15125
contact_implicit_mpc_baseline,nominal_push_to_pocket,6,8,0.12500,0.98359,0.97448,1.00000,0.00371,0.97031,0.00000,0.00000,0.96641,0.90040,0.00000,0.00000,0.81415,0.02049,11.08594
distance_threshold_graph,combined_stress,0,8,0.25000,0.84867,0.67617,0.91328,0.06245,0.58906,0.62500,0.30664,0.33945,0.30469,0.26172,0.00976,0.58224,0.08969,17.05247
distance_threshold_graph,combined_stress,1,8,0.12500,0.88045,0.74101,0.92376,0.04902,0.67891,0.62500,0.19922,0.34648,0.32617,0.16250,0.00781,0.48189,0.09170,15.23485
distance_threshold_graph,combined_stress,2,8,0.00000,0.90452,0.77669,0.90495,0.04150,0.67188,0.62500,0.29297,0.36133,0.34571,0.19726,0.00391,0.55196,0.07191,20.25588
distance_threshold_graph,combined_stress,3,8,0.12500,0.87479,0.79726,0.87201,0.05239,0.69375,0.62500,0.29883,0.35234,0.32813,0.23828,0.00586,0.63807,0.08590,15.20797
distance_threshold_graph,combined_stress,4,8,0.00000,0.81276,0.72070,0.75423,0.08032,0.47852,1.00000,0.59570,0.01172,0.00391,0.41016,0.00586,0.45375,0.11999,25.32100
distance_threshold_graph,combined_stress,5,8,0.25000,0.88360,0.77930,0.92148,0.05903,0.72305,0.50000,0.20117,0.45039,0.41992,0.17969,0.00586,0.59521,0.06171,14.94783
distance_threshold_graph,combined_stress,6,8,0.00000,0.89512,0.77995,0.95000,0.04248,0.74805,0.50000,0.09961,0.48437,0.46094,0.08007,0.00976,0.76332,0.09934,13.87795
distance_threshold_graph,contact_chain_transfer,0,8,0.00000,0.94375,0.93555,0.87435,0.02393,0.80859,0.87500,0.00000,0.12109,0.11524,0.00000,0.00976,0.45936,0.14331,11.55418
distance_threshold_graph,contact_chain_transfer,1,8,0.00000,0.97787,0.96029,0.99805,0.00537,0.95703,0.87500,0.00000,0.12109,0.11524,0.00000,0.00195,0.17989,0.05566,11.97659
distance_threshold_graph,contact_chain_transfer,2,8,0.00000,0.95156,0.95508,0.87826,0.02100,0.83203,0.62500,0.00000,0.36328,0.34571,0.00000,0.00586,0.46613,0.06934,10.75923
distance_threshold_graph,contact_chain_transfer,3,8,0.00000,0.94987,0.93945,0.89063,0.02124,0.83008,0.50000,0.00000,0.48438,0.46094,0.00000,0.00391,0.54917,0.09274,11.64180
distance_threshold_graph,contact_chain_transfer,4,8,0.12500,0.95630,0.93698,0.99219,0.00938,0.92500,0.87500,0.00000,0.11875,0.10000,0.00000,0.00781,0.24064,0.06206,21.77901
distance_threshold_graph,contact_chain_transfer,5,8,0.00000,0.95085,0.94922,0.88607,0.02148,0.83008,0.50000,0.00000,0.48438,0.46289,0.00000,0.00391,0.55530,0.05903,11.79022
distance_threshold_graph,contact_chain_transfer,6,8,0.12500,0.92109,0.94258,0.78112,0.03506,0.71953,0.62500,0.00000,0.35469,0.32422,0.00000,0.00391,0.45480,0.07914,11.53974
distance_threshold_graph,fixture_topology_shift,0,8,0.00000,0.65384,0.35645,0.82357,0.16723,0.22265,0.87500,0.32422,0.00391,0.00000,0.17774,0.00195,0.07029,0.06743,42.74951
distance_threshold_graph,fixture_topology_shift,1,8,0.00000,0.78255,0.47917,0.88672,0.08814,0.37109,0.87500,0.47656,0.12305,0.11719,0.34375,0.00000,0.17525,0.09418,36.90864
distance_threshold_graph,fixture_topology_shift,2,8,0.00000,0.72415,0.42969,0.86589,0.11499,0.33203,0.75000,0.34766,0.00000,0.00000,0.20117,0.00195,0.07261,0.05373,34.14504
distance_threshold_graph,fixture_topology_shift,3,8,0.00000,0.77975,0.59967,0.90202,0.11401,0.51758,0.75000,0.25977,0.00781,0.00000,0.17187,0.00781,0.27709,0.09327,24.36183
distance_threshold_graph,fixture_topology_shift,4,8,0.00000,0.69888,0.36166,0.86133,0.13745,0.25391,0.75000,0.46094,0.00586,0.00195,0.31641,0.00000,0.06087,0.02048,41.17565
distance_threshold_graph,fixture_topology_shift,5,8,0.00000,0.60677,0.21055,0.88151,0.19555,0.12305,0.87500,0.32617,0.00000,0.00000,0.17969,0.00000,0.00000,0.01715,44.20697
distance_threshold_graph,fixture_topology_shift,6,8,0.00000,0.67292,0.31478,0.87435,0.15454,0.22266,0.62500,0.33984,0.00195,0.00000,0.19141,0.00195,0.06648,0.05377,33.35117
distance_threshold_graph,friction_mass_shift,0,8,0.00000,0.87018,0.72819,0.77109,0.06616,0.71484,0.50000,0.00000,0.48438,0.46094,0.00000,0.00781,0.68622,0.06260,12.28450
distance_threshold_graph,friction_mass_shift,1,8,0.25000,0.86100,0.78320,0.81016,0.05796,0.57344,0.50000,0.00000,0.47109,0.41797,0.00000,0.00586,0.78239,0.07342,11.77467
distance_threshold_graph,friction_mass_shift,2,8,0.12500,0.95365,0.89935,0.99544,0.01348,0.89219,0.50000,0.00000,0.47578,0.44336,0.00000,0.00586,0.69822,0.08242,11.66958
distance_threshold_graph,friction_mass_shift,3,8,0.12500,0.93998,0.93086,0.89062,0.02329,0.81367,0.50000,0.00000,0.47578,0.43946,0.00000,0.00195,0.60047,0.08335,11.94822
distance_threshold_graph,friction_mass_shift,4,8,0.12500,0.92904,0.89961,0.89401,0.02632,0.78945,0.62500,0.00000,0.35469,0.32422,0.00000,0.00391,0.61183,0.11437,12.32204
distance_threshold_graph,friction_mass_shift,5,8,0.25000,0.96563,0.93672,0.99609,0.00840,0.93281,0.37500,0.00000,0.58828,0.53516,0.00000,0.00586,0.71921,0.09138,11.56256
distance_threshold_graph,friction_mass_shift,6,8,0.37500,0.93151,0.92148,0.88581,0.02539,0.80938,0.25000,0.00000,0.70703,0.63321,0.00195,0.00391,0.77061,0.06661,11.56200
distance_threshold_graph,nominal_push_to_pocket,0,8,0.12500,0.98008,0.97227,1.00000,0.00347,0.97227,0.00000,0.00000,0.96016,0.90040,0.00000,0.00000,0.81490,0.01976,11.24253
distance_threshold_graph,nominal_push_to_pocket,1,8,0.25000,0.91517,0.90547,0.99219,0.01524,0.90742,0.12500,0.00000,0.83047,0.76368,0.00195,0.00391,0.75836,0.02539,27.08250
distance_threshold_graph,nominal_push_to_pocket,2,8,0.25000,0.97245,0.95547,1.00000,0.00557,0.95547,0.00000,0.00000,0.95156,0.87891,0.00000,0.00000,0.81351,0.01735,11.00333
distance_threshold_graph,nominal_push_to_pocket,3,8,0.25000,0.97708,0.95781,1.00000,0.00528,0.95781,0.00000,0.00000,0.95156,0.88282,0.00000,0.00000,0.81569,0.01542,11.03729
distance_threshold_graph,nominal_push_to_pocket,4,8,0.25000,0.97070,0.95977,1.00000,0.00503,0.95977,0.00000,0.00000,0.95156,0.88086,0.00000,0.00000,0.81665,0.01740,11.22514
distance_threshold_graph,nominal_push_to_pocket,5,8,0.25000,0.97930,0.96992,1.00000,0.00376,0.96992,0.00000,0.00000,0.95156,0.87891,0.00000,0.00000,0.81716,0.01479,11.14876
distance_threshold_graph,nominal_push_to_pocket,6,8,0.12500,0.98359,0.97448,1.00000,0.00371,0.97031,0.00000,0.00000,0.96641,0.90040,0.00000,0.00000,0.81415,0.02060,11.08800
ensemble_uncertainty_planner,combined_stress,0,8,0.25000,0.41483,0.13196,0.29394,0.28916,0.35117,0.50625,0.27930,0.46054,0.41797,0.23242,0.00781,0.70841,0.10087,15.33084
ensemble_uncertainty_planner,combined_stress,1,8,0.12500,0.47937,0.21745,0.43385,0.23696,0.29453,0.50212,0.20117,0.34648,0.32617,0.13711,0.00976,0.47895,0.12051,14.84282
ensemble_uncertainty_planner,combined_stress,2,8,0.00000,0.23939,0.12005,0.32546,0.31787,0.19141,0.10051,0.19336,0.36523,0.34571,0.04492,0.00586,0.57222,0.10493,13.54704
ensemble_uncertainty_planner,combined_stress,3,8,0.12500,0.34431,0.09049,0.35020,0.29302,0.36094,0.38909,0.29883,0.35429,0.32813,0.22461,0.00586,0.73560,0.09680,15.32049
ensemble_uncertainty_planner,combined_stress,4,8,0.12500,0.46531,0.18329,0.56854,0.21463,0.36070,0.41912,0.39258,0.12867,0.10781,0.28516,0.01171,0.63474,0.15527,20.78384
ensemble_uncertainty_planner,combined_stress,5,8,0.25000,0.37579,0.11237,0.41530,0.26143,0.36562,0.26889,0.18945,0.33945,0.30273,0.12695,0.00781,0.67551,0.08083,16.58984
ensemble_uncertainty_planner,combined_stress,6,8,0.00000,0.23040,0.07227,0.19909,0.31812,0.21484,0.35004,0.10156,0.41211,0.38672,0.02929,0.00976,0.73571,0.12729,13.24947
ensemble_uncertainty_planner,contact_chain_transfer,0,8,0.00000,0.58099,0.04037,0.85508,0.16968,0.06445,0.62500,0.00000,0.12109,0.11524,0.00000,0.01172,0.45669,0.13158,11.56119
ensemble_uncertainty_planner,contact_chain_transfer,1,8,0.00000,0.51940,0.04167,0.76035,0.18164,0.15235,0.25500,0.00000,0.12109,0.11524,0.00000,0.00195,0.18041,0.04004,11.98723
ensemble_uncertainty_planner,contact_chain_transfer,2,8,0.00000,0.44089,0.04818,0.62754,0.25293,0.05469,0.38531,0.00000,0.36328,0.34571,0.00000,0.00586,0.46677,0.05427,10.75452
ensemble_uncertainty_planner,contact_chain_transfer,3,8,0.00000,0.39583,0.05078,0.51510,0.28662,0.05860,0.34574,0.00000,0.48438,0.46094,0.00000,0.00391,0.55065,0.04191,11.72394
ensemble_uncertainty_planner,contact_chain_transfer,4,8,0.12500,0.57591,0.04167,0.85690,0.16939,0.07344,0.50000,0.00000,0.11875,0.10000,0.00000,0.00781,0.31366,0.09206,13.52802
ensemble_uncertainty_planner,contact_chain_transfer,5,8,0.00000,0.40879,0.05339,0.54655,0.27393,0.06445,0.42606,0.00000,0.44922,0.42969,0.00000,0.00391,0.55320,0.05024,12.65696
ensemble_uncertainty_planner,contact_chain_transfer,6,8,0.12500,0.44768,0.06276,0.62943,0.24629,0.06719,0.37500,0.00000,0.35469,0.32422,0.00000,0.00391,0.45612,0.04281,11.54828
ensemble_uncertainty_planner,fixture_topology_shift,0,8,0.00000,0.56152,0.25716,0.62370,0.19067,0.24414,0.48795,0.34180,0.24609,0.23047,0.14258,0.00195,0.33797,0.12612,24.26825
ensemble_uncertainty_planner,fixture_topology_shift,1,8,0.12500,0.49952,0.15983,0.59512,0.20356,0.33711,0.64183,0.29297,0.23945,0.21094,0.20703,0.00586,0.42022,0.13767,41.43501
ensemble_uncertainty_planner,fixture_topology_shift,2,8,0.00000,0.49603,0.10189,0.80300,0.16113,0.27539,0.37500,0.43555,0.00000,0.00000,0.28320,0.00976,0.19126,0.06701,48.37072
ensemble_uncertainty_planner,fixture_topology_shift,3,8,0.00000,0.44277,0.09343,0.64193,0.19580,0.28906,0.37500,0.17969,0.00781,0.00000,0.08984,0.00976,0.34644,0.16416,22.16834
ensemble_uncertainty_planner,fixture_topology_shift,4,8,0.00000,0.67422,0.21387,0.82096,0.14111,0.48047,0.62500,0.45703,0.00391,0.00195,0.29102,0.00195,0.05028,0.03567,39.67508
ensemble_uncertainty_planner,fixture_topology_shift,5,8,0.00000,0.51803,0.08040,0.69010,0.19653,0.17188,0.59615,0.16797,0.24609,0.23047,0.09375,0.00586,0.32665,0.08559,39.99914
ensemble_uncertainty_planner,fixture_topology_shift,6,8,0.00000,0.41634,0.08789,0.46413,0.23828,0.41016,0.50000,0.29492,0.00781,0.08203,0.30664,0.00781,0.30568,0.12849,29.99137
ensemble_uncertainty_planner,friction_mass_shift,0,8,0.00000,0.20117,0.05143,0.30951,0.32788,0.28516,0.50000,0.00000,0.48438,0.46094,0.00195,0.00781,0.68667,0.04990,12.35686
ensemble_uncertainty_planner,friction_mass_shift,1,8,0.25000,0.24728,0.08333,0.34215,0.30952,0.29531,0.25000,0.00000,0.47305,0.41797,0.00000,0.00976,0.77214,0.05142,11.78560
ensemble_uncertainty_planner,friction_mass_shift,2,8,0.12500,0.34009,0.06628,0.48345,0.29561,0.12227,0.37500,0.00000,0.47578,0.44141,0.00000,0.00781,0.69872,0.06392,11.73998
ensemble_uncertainty_planner,friction_mass_shift,3,8,0.12500,0.25745,0.06237,0.37359,0.31128,0.24532,0.37500,0.00000,0.47578,0.43946,0.00000,0.00391,0.57442,0.05003,11.95540
ensemble_uncertainty_planner,friction_mass_shift,4,8,0.12500,0.34395,0.06237,0.49512,0.26743,0.22422,0.37500,0.00000,0.35469,0.32617,0.00000,0.00391,0.50672,0.07203,11.88026
ensemble_uncertainty_planner,friction_mass_shift,5,8,0.25000,0.17586,0.10143,0.23254,0.34981,0.28164,0.37500,0.00000,0.58828,0.53516,0.00000,0.00391,0.71486,0.07624,11.56141
ensemble_uncertainty_planner,friction_mass_shift,6,8,0.37500,0.11411,0.10534,0.13703,0.35776,0.38945,0.37500,0.00000,0.58789,0.52187,0.00195,0.00391,0.82027,0.11886,11.63352
ensemble_uncertainty_planner,nominal_push_to_pocket,0,8,0.12500,0.35125,0.05091,0.07754,0.37329,0.06367,0.69219,0.00000,0.95234,0.89258,0.00000,0.00000,0.81405,0.01684,12.14658
ensemble_uncertainty_planner,nominal_push_to_pocket,1,8,0.25000,0.33537,0.07683,0.19512,0.33360,0.08477,0.67566,0.00000,0.83047,0.76368,0.00195,0.00391,0.76280,0.02666,26.81705
ensemble_uncertainty_planner,nominal_push_to_pocket,2,8,0.25000,0.36102,0.07292,0.07884,0.36895,0.07656,0.60930,0.00000,0.95156,0.87891,0.00000,0.00000,0.81335,0.01938,11.21853
ensemble_uncertainty_planner,nominal_push_to_pocket,3,8,0.25000,0.31759,0.06615,0.08392,0.38379,0.08477,0.48434,0.00000,0.95156,0.88282,0.00000,0.00000,0.81568,0.01566,11.33315
ensemble_uncertainty_planner,nominal_push_to_pocket,4,8,0.50000,0.37599,0.06982,0.08983,0.36316,0.08857,0.63372,0.00000,0.94480,0.87327,0.00000,0.00000,0.82536,0.02067,11.54021
ensemble_uncertainty_planner,nominal_push_to_pocket,5,8,0.37500,0.38794,0.07470,0.08861,0.36059,0.08294,0.67521,0.00000,0.94952,0.87677,0.00000,0.00000,0.82156,0.01336,11.39922
ensemble_uncertainty_planner,nominal_push_to_pocket,6,8,0.12500,0.38591,0.05703,0.06035,0.36416,0.05547,0.75999,0.00000,0.96641,0.90040,0.00000,0.00000,0.81409,0.02307,11.19280
last_contact_persistence,combined_stress,0,8,0.25000,0.87763,0.83281,0.80937,0.04595,0.69414,0.63520,0.30860,0.34140,0.30469,0.26367,0.00781,0.66937,0.07562,17.04507
last_contact_persistence,combined_stress,1,8,0.12500,0.89914,0.86563,0.85586,0.03857,0.77383,0.71354,0.20312,0.34023,0.32617,0.16250,0.00781,0.48692,0.10789,15.20229
last_contact_persistence,combined_stress,2,8,0.00000,0.87532,0.83984,0.80664,0.04639,0.69336,0.64085,0.28320,0.36523,0.34571,0.18945,0.00586,0.56042,0.07369,20.14035
last_contact_persistence,combined_stress,3,8,0.12500,0.85913,0.80469,0.79414,0.05435,0.65352,0.51512,0.29883,0.35234,0.32813,0.24219,0.00586,0.61483,0.07052,15.35813
last_contact_persistence,combined_stress,4,8,0.00000,0.79004,0.72070,0.69922,0.07934,0.48242,1.00000,0.59375,0.00976,0.00781,0.40234,0.00976,0.48901,0.09239,25.27967
last_contact_persistence,combined_stress,5,8,0.25000,0.83661,0.78633,0.77344,0.05874,0.60703,0.64031,0.29688,0.33320,0.30273,0.24023,0.00781,0.65314,0.08863,17.12430
last_contact_persistence,combined_stress,6,8,0.00000,0.88167,0.84766,0.81445,0.04566,0.70312,0.64052,0.19531,0.37500,0.35157,0.13867,0.00586,0.78840,0.11265,18.44635
last_contact_persistence,contact_chain_transfer,0,8,0.00000,0.96211,0.96875,0.94531,0.01074,0.91797,0.87500,0.00000,0.12109,0.11524,0.00000,0.00976,0.45728,0.12384,11.53654
last_contact_persistence,contact_chain_transfer,1,8,0.00000,0.96966,0.97461,0.97266,0.00659,0.94726,0.87500,0.00000,0.12109,0.11524,0.00000,0.00195,0.18017,0.04710,11.98270
last_contact_persistence,contact_chain_transfer,2,8,0.00000,0.96443,0.95703,0.95508,0.01123,0.91992,0.64031,0.00000,0.36328,0.34571,0.00000,0.00586,0.47074,0.06992,10.76065
last_contact_persistence,contact_chain_transfer,3,8,0.00000,0.96635,0.95703,0.96680,0.01026,0.92578,0.39032,0.00000,0.48438,0.46094,0.00000,0.00391,0.55081,0.03579,11.64697
last_contact_persistence,contact_chain_transfer,4,8,0.12500,0.95002,0.96406,0.94844,0.01196,0.91250,0.87500,0.00000,0.11875,0.10000,0.00000,0.00781,0.24093,0.04960,23.42674
last_contact_persistence,contact_chain_transfer,5,8,0.00000,0.96471,0.95703,0.96094,0.01025,0.92383,0.52083,0.00000,0.48438,0.46289,0.00000,0.00586,0.55568,0.04720,11.78718
last_contact_persistence,contact_chain_transfer,6,8,0.12500,0.95950,0.95391,0.96289,0.01040,0.92266,0.63032,0.00000,0.35469,0.32422,0.00000,0.00391,0.45482,0.07917,11.53628
last_contact_persistence,fixture_topology_shift,0,8,0.00000,0.84993,0.80664,0.77930,0.05371,0.59375,1.00000,0.32422,0.00391,0.00000,0.17774,0.00195,0.06866,0.06572,42.73528
last_contact_persistence,fixture_topology_shift,1,8,0.00000,0.87474,0.82812,0.82422,0.04394,0.67188,1.00000,0.56250,0.00586,0.00195,0.40430,0.00195,0.07339,0.06438,41.30589
last_contact_persistence,fixture_topology_shift,2,8,0.00000,0.86673,0.83985,0.81250,0.04346,0.69140,1.00000,0.34766,0.00000,0.00000,0.20117,0.00195,0.07254,0.05603,34.15443
last_contact_persistence,fixture_topology_shift,3,8,0.00000,0.88268,0.85547,0.83398,0.04101,0.70703,0.87500,0.33984,0.00391,0.00000,0.19922,0.00586,0.22247,0.10737,29.40519
last_contact_persistence,fixture_topology_shift,4,8,0.00000,0.87461,0.83984,0.82422,0.04321,0.67773,1.00000,0.46289,0.00391,0.00195,0.31641,0.00000,0.04752,0.02071,41.15780
last_contact_persistence,fixture_topology_shift,5,8,0.00000,0.88835,0.86524,0.84375,0.03662,0.72070,1.00000,0.32617,0.00000,0.00000,0.17969,0.00000,0.00000,0.01715,44.21308
last_contact_persistence,fixture_topology_shift,6,8,0.00000,0.88490,0.85938,0.83984,0.03906,0.70313,1.00000,0.33984,0.00195,0.00000,0.19336,0.00586,0.06649,0.05074,33.54424
last_contact_persistence,friction_mass_shift,0,8,0.00000,0.95446,0.95312,0.92188,0.01587,0.88672,0.52583,0.00000,0.48438,0.46094,0.00195,0.00586,0.68636,0.06616,12.43552
last_contact_persistence,friction_mass_shift,1,8,0.25000,0.94974,0.92500,0.96289,0.01426,0.88984,0.51053,0.00000,0.46719,0.41797,0.00000,0.00781,0.77005,0.07377,11.77533
last_contact_persistence,friction_mass_shift,2,8,0.12500,0.93933,0.93047,0.92539,0.01851,0.86758,0.38564,0.00000,0.47578,0.44531,0.00000,0.00586,0.69856,0.08006,11.66986
last_contact_persistence,friction_mass_shift,3,8,0.12500,0.94847,0.94414,0.93750,0.01577,0.88555,0.38021,0.00000,0.47578,0.43946,0.00000,0.00391,0.60135,0.05964,11.96436
last_contact_persistence,friction_mass_shift,4,8,0.12500,0.93518,0.93828,0.93125,0.01655,0.87969,0.64500,0.00000,0.35664,0.33008,0.00000,0.00781,0.63900,0.08642,11.14330
last_contact_persistence,friction_mass_shift,5,8,0.25000,0.93773,0.91524,0.91016,0.02207,0.85430,0.41074,0.00000,0.58828,0.53516,0.00000,0.00586,0.71547,0.07590,11.55884
last_contact_persistence,friction_mass_shift,6,8,0.37500,0.93580,0.90898,0.93398,0.02065,0.85117,0.26064,0.00000,0.70703,0.63906,0.00195,0.00391,0.81909,0.08501,11.61471
last_contact_persistence,nominal_push_to_pocket,0,8,0.12500,0.96532,0.93633,0.97656,0.01089,0.92071,0.02116,0.00000,0.96016,0.90040,0.00000,0.00000,0.81490,0.02034,11.24684
last_contact_persistence,nominal_push_to_pocket,1,8,0.25000,0.95064,0.92148,0.97852,0.01274,0.90391,0.13553,0.00000,0.83047,0.76368,0.00195,0.00391,0.74661,0.02617,27.08243
last_contact_persistence,nominal_push_to_pocket,2,8,0.25000,0.95775,0.91562,0.98047,0.01299,0.90000,0.02083,0.00000,0.95156,0.87891,0.00000,0.00000,0.81351,0.01717,11.00242
last_contact_persistence,nominal_push_to_pocket,3,8,0.25000,0.95788,0.91953,0.98243,0.01274,0.90586,0.01532,0.00000,0.95156,0.88282,0.00000,0.00000,0.81569,0.01492,11.04081
last_contact_persistence,nominal_push_to_pocket,4,8,0.25000,0.95674,0.92734,0.97031,0.01304,0.90781,0.02594,0.00000,0.95156,0.88086,0.00000,0.00000,0.81665,0.01755,11.22514
last_contact_persistence,nominal_push_to_pocket,5,8,0.25000,0.95756,0.92344,0.97383,0.01284,0.91172,0.00000,0.00000,0.95156,0.87891,0.00000,0.00000,0.81715,0.01470,11.13605
last_contact_persistence,nominal_push_to_pocket,6,8,0.12500,0.96479,0.93672,0.97813,0.01143,0.92266,0.00532,0.00000,0.96641,0.90040,0.00000,0.00000,0.81415,0.02070,11.08670
oracle_topology_planner,combined_stress,0,8,0.37500,1.00000,1.00000,1.00000,0.00000,1.00000,0.25000,0.00000,0.72226,0.64453,0.00195,0.00195,0.78134,0.05302,21.20368
oracle_topology_planner,combined_stress,1,8,0.25000,1.00000,1.00000,1.00000,0.00000,1.00000,0.62500,0.00000,0.49141,0.46446,0.00391,0.00586,0.71635,0.03256,30.52478
oracle_topology_planner,combined_stress,2,8,0.12500,1.00000,1.00000,1.00000,0.00000,1.00000,0.12500,0.00000,0.84102,0.83008,0.00000,0.00000,0.75676,0.03415,8.35749
oracle_topology_planner,combined_stress,3,8,0.12500,1.00000,1.00000,1.00000,0.00000,1.00000,0.50000,0.00000,0.53828,0.48242,0.00000,0.00000,0.62050,0.01604,31.35808
oracle_topology_planner,combined_stress,4,8,0.25000,1.00000,1.00000,1.00000,0.00000,1.00000,0.50000,0.00000,0.50977,0.45703,0.00195,0.00195,0.69168,0.05397,32.04185
oracle_topology_planner,combined_stress,5,8,0.37500,1.00000,1.00000,1.00000,0.00000,1.00000,0.37500,0.00000,0.65208,0.57552,0.00000,0.00195,0.62032,0.05310,19.41854
oracle_topology_planner,combined_stress,6,8,0.25000,1.00000,1.00000,1.00000,0.00000,1.00000,0.37500,0.00000,0.63506,0.57239,0.00586,0.00000,0.76084,0.01302,43.00784
oracle_topology_planner,contact_chain_transfer,0,8,0.12500,1.00000,1.00000,1.00000,0.00000,1.00000,0.50000,0.00000,0.38008,0.33008,0.00195,0.00195,0.71235,0.10704,28.73724
oracle_topology_planner,contact_chain_transfer,1,8,0.12500,1.00000,1.00000,1.00000,0.00000,1.00000,0.62500,0.00000,0.42305,0.42969,0.00000,0.00195,0.68382,0.05767,42.75890
oracle_topology_planner,contact_chain_transfer,2,8,0.12500,1.00000,1.00000,1.00000,0.00000,1.00000,0.25000,0.00000,0.41523,0.36328,0.00195,0.00586,0.80526,0.06979,35.17206
oracle_topology_planner,contact_chain_transfer,3,8,0.00000,1.00000,1.00000,1.00000,0.00000,1.00000,0.75000,0.00000,0.23633,0.18750,0.00195,0.01172,0.49865,0.13630,61.08209
oracle_topology_planner,contact_chain_transfer,4,8,0.25000,1.00000,1.00000,1.00000,0.00000,1.00000,0.50000,0.00000,0.51211,0.44922,0.00000,0.01172,0.79616,0.07856,35.71725
oracle_topology_planner,contact_chain_transfer,5,8,0.12500,1.00000,1.00000,1.00000,0.00000,1.00000,0.00000,0.00000,0.55195,0.49414,0.00000,0.00195,0.79164,0.02808,45.07858
oracle_topology_planner,contact_chain_transfer,6,8,0.12500,1.00000,1.00000,1.00000,0.00000,1.00000,0.25000,0.00000,0.47969,0.42383,0.00000,0.00195,0.63242,0.08029,58.48262
oracle_topology_planner,fixture_topology_shift,0,8,0.12500,1.00000,1.00000,1.00000,0.00000,1.00000,0.62500,0.00000,0.43672,0.38477,0.00195,0.00976,0.62001,0.11341,43.43368
oracle_topology_planner,fixture_topology_shift,1,8,0.12500,1.00000,1.00000,1.00000,0.00000,1.00000,0.62500,0.00000,0.28437,0.23633,0.00391,0.01953,0.54822,0.14934,43.70605
oracle_topology_planner,fixture_topology_shift,2,8,0.00000,1.00000,1.00000,1.00000,0.00000,1.00000,0.87500,0.00000,0.16211,0.14062,0.00391,0.00781,0.46422,0.06964,81.37866
oracle_topology_planner,fixture_topology_shift,3,8,0.25000,1.00000,1.00000,1.00000,0.00000,1.00000,0.50000,0.00000,0.41866,0.36062,0.00500,0.00976,0.51658,0.05347,55.71020
oracle_topology_planner,fixture_topology_shift,4,8,0.25000,1.00000,1.00000,1.00000,0.00000,1.00000,0.62500,0.00000,0.47500,0.38086,0.00195,0.00781,0.69859,0.12649,38.67230
oracle_topology_planner,fixture_topology_shift,5,8,0.00000,1.00000,1.00000,1.00000,0.00000,1.00000,0.75000,0.00000,0.34375,0.31250,0.01172,0.00586,0.69314,0.10583,49.77141
oracle_topology_planner,fixture_topology_shift,6,8,0.00000,1.00000,1.00000,1.00000,0.00000,1.00000,0.50000,0.00000,0.44140,0.41797,0.00000,0.00976,0.57632,0.12752,58.66737
oracle_topology_planner,friction_mass_shift,0,8,0.12500,1.00000,1.00000,1.00000,0.00000,1.00000,0.62500,0.00000,0.46641,0.48398,0.00000,0.01172,0.71692,0.08266,9.51790
oracle_topology_planner,friction_mass_shift,1,8,0.62500,1.00000,1.00000,1.00000,0.00000,1.00000,0.37500,0.00000,0.69102,0.61719,0.00625,0.00000,0.79953,0.01262,20.14391
oracle_topology_planner,friction_mass_shift,2,8,0.25000,1.00000,1.00000,1.00000,0.00000,1.00000,0.62500,0.00000,0.41445,0.35938,0.00195,0.00586,0.68082,0.09173,21.85251
oracle_topology_planner,friction_mass_shift,3,8,0.37500,1.00000,1.00000,1.00000,0.00000,1.00000,0.25000,0.00000,0.73973,0.66528,0.00000,0.00000,0.81149,0.01183,9.11747
oracle_topology_planner,friction_mass_shift,4,8,0.25000,1.00000,1.00000,1.00000,0.00000,1.00000,0.25000,0.00000,0.60390,0.53516,0.00000,0.00000,0.78510,0.00868,9.55193
oracle_topology_planner,friction_mass_shift,5,8,0.37500,1.00000,1.00000,1.00000,0.00000,1.00000,0.62500,0.00000,0.44102,0.35352,0.00000,0.00000,0.77714,0.00962,43.06761
oracle_topology_planner,friction_mass_shift,6,8,0.12500,1.00000,1.00000,1.00000,0.00000,1.00000,0.62500,0.00000,0.45625,0.40625,0.00000,0.00586,0.67528,0.01144,49.02838
oracle_topology_planner,nominal_push_to_pocket,0,8,0.00000,1.00000,1.00000,1.00000,0.00000,1.00000,0.37500,0.00000,0.58789,0.54297,0.00195,0.00000,0.70615,0.06065,39.20995
oracle_topology_planner,nominal_push_to_pocket,1,8,0.12500,1.00000,1.00000,1.00000,0.00000,1.00000,0.50000,0.00000,0.55781,0.50156,0.00195,0.00000,0.75963,0.01074,36.30047
oracle_topology_planner,nominal_push_to_pocket,2,8,0.25000,1.00000,1.00000,1.00000,0.00000,1.00000,0.25000,0.00000,0.74648,0.67774,0.00000,0.00195,0.79919,0.00538,20.45072
oracle_topology_planner,nominal_push_to_pocket,3,8,0.25000,1.00000,1.00000,1.00000,0.00000,1.00000,0.00000,0.00000,0.95156,0.87696,0.00000,0.00000,0.81569,0.00013,8.73778
oracle_topology_planner,nominal_push_to_pocket,4,8,0.12500,1.00000,1.00000,1.00000,0.00000,1.00000,0.50000,0.00000,0.55586,0.50196,0.00000,0.00195,0.70141,0.01656,31.72876
oracle_topology_planner,nominal_push_to_pocket,5,8,0.37500,1.00000,1.00000,1.00000,0.00000,1.00000,0.37500,0.00000,0.54427,0.47721,0.00195,0.00000,0.70553,0.00596,30.50962
oracle_topology_planner,nominal_push_to_pocket,6,8,0.12500,1.00000,1.00000,1.00000,0.00000,1.00000,0.25000,0.00000,0.58164,0.52148,0.00391,0.00195,0.70072,0.03983,30.57044
pairwise_contact_classifier,combined_stress,0,8,0.25000,0.56502,0.07787,0.44648,0.23457,0.57031,0.54808,0.40820,0.34140,0.30469,0.33008,0.00976,0.61110,0.14424,16.44740
pairwise_contact_classifier,combined_stress,1,8,0.12500,0.49400,0.08347,0.58652,0.24829,0.23242,0.37740,0.10351,0.35000,0.32813,0.10977,0.01172,0.61401,0.15022,22.16985
pairwise_contact_classifier,combined_stress,2,8,0.00000,0.53639,0.06934,0.53366,0.24316,0.40039,0.33173,0.19141,0.36523,0.41211,0.06055,0.00976,0.60808,0.12765,15.51417
pairwise_contact_classifier,combined_stress,3,8,0.12500,0.58128,0.05449,0.54570,0.22622,0.56328,0.49967,0.20508,0.35429,0.32617,0.18164,0.00781,0.74564,0.10172,13.47040
pairwise_contact_classifier,combined_stress,4,8,0.00000,0.51257,0.06979,0.85404,0.20825,0.25977,0.00000,0.48437,0.01562,0.00781,0.23242,0.01953,0.63205,0.15532,27.91987
pairwise_contact_classifier,combined_stress,5,8,0.25000,0.56319,0.06426,0.56660,0.23086,0.40429,0.29808,0.29688,0.33125,0.30273,0.17578,0.01172,0.70615,0.13558,15.43920
pairwise_contact_classifier,combined_stress,6,8,0.00000,0.53177,0.05436,0.63242,0.25269,0.27539,0.33173,0.19726,0.37695,0.35157,0.08789,0.01172,0.73609,0.09834,14.87556
pairwise_contact_classifier,contact_chain_transfer,0,8,0.00000,0.63385,0.03972,0.87207,0.16699,0.15039,0.73558,0.00000,0.12109,0.11524,0.00000,0.00391,0.45692,0.18210,11.55920
pairwise_contact_classifier,contact_chain_transfer,1,8,0.00000,0.57253,0.04134,0.87109,0.21240,0.14844,0.23558,0.00000,0.12109,0.11524,0.00000,0.00195,0.18010,0.04930,12.02269
pairwise_contact_classifier,contact_chain_transfer,2,8,0.00000,0.60735,0.03906,0.63965,0.21484,0.38281,0.33173,0.00000,0.36328,0.34571,0.00000,0.00586,0.46743,0.03538,10.72645
pairwise_contact_classifier,contact_chain_transfer,3,8,0.00000,0.62826,0.03776,0.53679,0.21387,0.50000,0.69231,0.00000,0.48438,0.46094,0.00000,0.00391,0.54999,0.05836,11.64589
pairwise_contact_classifier,contact_chain_transfer,4,8,0.12500,0.52737,0.04330,0.88008,0.20483,0.14531,0.28125,0.00000,0.11875,0.10000,0.00000,0.00781,0.24077,0.05528,22.38331
pairwise_contact_classifier,contact_chain_transfer,5,8,0.00000,0.62533,0.03939,0.53027,0.21509,0.49023,0.69231,0.00000,0.48438,0.46289,0.00000,0.00586,0.55579,0.04392,11.78743
pairwise_contact_classifier,contact_chain_transfer,6,8,0.12500,0.61116,0.04596,0.64863,0.21079,0.38047,0.37740,0.00000,0.35469,0.32422,0.00000,0.00391,0.45625,0.03838,11.54242
pairwise_contact_classifier,fixture_topology_shift,0,8,0.00000,0.54167,0.05208,0.81641,0.21558,0.13477,0.00000,0.41211,0.00586,0.04883,0.25195,0.00586,0.37293,0.13430,38.44673
pairwise_contact_classifier,fixture_topology_shift,1,8,0.00000,0.46837,0.17031,0.73398,0.20825,0.29297,0.12500,0.47852,0.00781,0.05078,0.25195,0.01367,0.45205,0.15813,30.81607
pairwise_contact_classifier,fixture_topology_shift,2,8,0.00000,0.43991,0.05469,0.80827,0.22559,0.19727,0.12500,0.35938,0.00000,0.02149,0.21484,0.01172,0.29782,0.15207,33.64528
pairwise_contact_classifier,fixture_topology_shift,3,8,0.00000,0.57910,0.05436,0.93346,0.19263,0.11524,0.12500,0.25977,0.00781,0.00000,0.09570,0.01367,0.41293,0.14833,22.49044
pairwise_contact_classifier,fixture_topology_shift,4,8,0.00000,0.50449,0.05807,0.76263,0.23145,0.11523,0.12500,0.45508,0.00781,0.00195,0.28515,0.00781,0.16018,0.13610,43.32008
pairwise_contact_classifier,fixture_topology_shift,5,8,0.00000,0.52168,0.04069,0.82051,0.20703,0.11524,0.25000,0.33398,0.00391,0.02539,0.20703,0.00195,0.32593,0.11344,39.02768
pairwise_contact_classifier,fixture_topology_shift,6,8,0.00000,0.47417,0.04779,0.83332,0.22778,0.10742,0.12500,0.26172,0.00976,0.00000,0.17578,0.00976,0.46187,0.15416,34.63991
pairwise_contact_classifier,friction_mass_shift,0,8,0.00000,0.65338,0.05078,0.52539,0.19409,0.49805,0.68673,0.00000,0.48828,0.46094,0.00195,0.00586,0.68720,0.06023,12.36108
pairwise_contact_classifier,friction_mass_shift,1,8,0.25000,0.66210,0.06797,0.54880,0.18428,0.49336,0.65457,0.00000,0.46719,0.41797,0.00000,0.00586,0.77770,0.09941,11.76922
pairwise_contact_classifier,friction_mass_shift,2,8,0.12500,0.65074,0.05938,0.54427,0.19370,0.48398,0.73663,0.00000,0.47578,0.44336,0.00000,0.00586,0.69772,0.07740,11.66426
pairwise_contact_classifier,friction_mass_shift,3,8,0.12500,0.62590,0.04766,0.54173,0.21279,0.48359,0.60884,0.00000,0.47578,0.43946,0.00000,0.00391,0.60075,0.08643,11.95520
pairwise_contact_classifier,friction_mass_shift,4,8,0.12500,0.62746,0.04896,0.66126,0.19790,0.37812,0.50449,0.00000,0.35469,0.32617,0.00000,0.00391,0.50671,0.06406,11.99623
pairwise_contact_classifier,friction_mass_shift,5,8,0.25000,0.64345,0.05951,0.56094,0.19209,0.46406,0.65865,0.00000,0.46914,0.41992,0.00000,0.00781,0.71082,0.10338,11.47553
pairwise_contact_classifier,friction_mass_shift,6,8,0.37500,0.64728,0.08490,0.45302,0.20288,0.56992,0.68576,0.00000,0.58789,0.52383,0.00000,0.00586,0.82187,0.10704,11.63140
pairwise_contact_classifier,nominal_push_to_pocket,0,8,0.12500,0.63854,0.05899,0.07344,0.25405,0.89609,0.80529,0.00000,0.96016,0.90040,0.00000,0.00000,0.81490,0.01965,11.24447
pairwise_contact_classifier,nominal_push_to_pocket,1,8,0.25000,0.53025,0.06237,0.19570,0.25234,0.65820,0.61539,0.00000,0.83047,0.76368,0.00195,0.00000,0.76184,0.02481,26.97982
pairwise_contact_classifier,nominal_push_to_pocket,2,8,0.25000,0.58125,0.05326,0.07852,0.27964,0.66797,0.72596,0.00000,0.95156,0.87891,0.00000,0.00000,0.81351,0.01746,11.00012
pairwise_contact_classifier,nominal_push_to_pocket,3,8,0.25000,0.62742,0.04974,0.08718,0.25757,0.84648,0.72596,0.00000,0.95156,0.88282,0.00000,0.00000,0.81569,0.01539,11.04097
pairwise_contact_classifier,nominal_push_to_pocket,4,8,0.25000,0.60566,0.05781,0.08242,0.26802,0.76719,0.72596,0.00000,0.95156,0.88086,0.00000,0.00000,0.81665,0.01751,11.21951
pairwise_contact_classifier,nominal_push_to_pocket,5,8,0.25000,0.62576,0.05039,0.09062,0.25884,0.83438,0.72596,0.00000,0.95156,0.87891,0.00000,0.00000,0.81716,0.01456,11.14856
pairwise_contact_classifier,nominal_push_to_pocket,6,8,0.12500,0.65491,0.04687,0.06328,0.24624,0.95039,0.80529,0.00000,0.96641,0.90040,0.00000,0.00000,0.81415,0.02027,11.09076
state_only_dynamics_model,combined_stress,0,8,0.25000,0.88557,0.77826,0.91654,0.05405,0.70391,0.62500,0.30664,0.33945,0.30469,0.25977,0.00781,0.62458,0.09578,17.04981
state_only_dynamics_model,combined_stress,1,8,0.12500,0.90004,0.79095,0.91823,0.04082,0.71914,0.62500,0.19727,0.34023,0.32617,0.16836,0.00586,0.54122,0.11391,15.46670
state_only_dynamics_model,combined_stress,2,8,0.00000,0.91619,0.85807,0.89648,0.03296,0.75000,0.62500,0.29492,0.36914,0.34571,0.18945,0.00586,0.55450,0.05873,20.27576
state_only_dynamics_model,combined_stress,3,8,0.12500,0.90327,0.83056,0.86940,0.04868,0.72539,0.62500,0.29883,0.35429,0.32813,0.23828,0.00391,0.61616,0.06329,15.16964
state_only_dynamics_model,combined_stress,4,8,0.00000,0.83891,0.75312,0.78151,0.07178,0.53321,0.87500,0.58398,0.03711,0.02930,0.39844,0.00976,0.38189,0.09758,25.38299
state_only_dynamics_model,combined_stress,5,8,0.25000,0.92642,0.93314,0.86992,0.03555,0.76406,0.50000,0.29688,0.45469,0.41797,0.24023,0.00586,0.68552,0.08974,16.89061
state_only_dynamics_model,combined_stress,6,8,0.00000,0.95924,0.92773,0.96485,0.01758,0.89258,0.50000,0.09961,0.48633,0.46094,0.07812,0.00976,0.76570,0.11109,13.85073
state_only_dynamics_model,contact_chain_transfer,0,8,0.00000,0.98730,0.97266,0.99284,0.00488,0.96289,0.87500,0.00000,0.12109,0.11524,0.00000,0.01172,0.45729,0.11909,11.56177
state_only_dynamics_model,contact_chain_transfer,1,8,0.00000,0.99114,0.97461,0.99805,0.00342,0.97266,0.87500,0.00000,0.12109,0.11524,0.00000,0.00195,0.18042,0.05976,11.97829
state_only_dynamics_model,contact_chain_transfer,2,8,0.00000,0.99440,0.98633,0.99609,0.00220,0.98242,0.62500,0.00000,0.36328,0.34571,0.00000,0.00586,0.46687,0.05147,10.72984
state_only_dynamics_model,contact_chain_transfer,3,8,0.00000,0.98860,0.98112,0.99154,0.00439,0.97461,0.50000,0.00000,0.48438,0.46094,0.00000,0.00391,0.54993,0.05987,11.63499
state_only_dynamics_model,contact_chain_transfer,4,8,0.12500,0.98299,0.97539,0.98828,0.00522,0.96445,0.87500,0.00000,0.12070,0.10000,0.00000,0.00781,0.31461,0.06700,13.38149
state_only_dynamics_model,contact_chain_transfer,5,8,0.00000,0.99134,0.98438,0.99609,0.00317,0.98242,0.50000,0.00000,0.48438,0.46289,0.00000,0.00586,0.55570,0.04625,11.79249
state_only_dynamics_model,contact_chain_transfer,6,8,0.12500,0.98846,0.97383,0.99219,0.00493,0.96875,0.62500,0.00000,0.35469,0.32422,0.00000,0.00391,0.46347,0.08139,11.53398
state_only_dynamics_model,fixture_topology_shift,0,8,0.00000,0.67337,0.38542,0.82162,0.15820,0.20703,0.75000,0.32617,0.00586,0.00000,0.17969,0.00391,0.14553,0.09332,42.78325
state_only_dynamics_model,fixture_topology_shift,1,8,0.00000,0.75701,0.46777,0.85807,0.10669,0.30664,0.75000,0.55859,0.00391,0.00195,0.40234,0.00195,0.07346,0.06206,41.21232
state_only_dynamics_model,fixture_topology_shift,2,8,0.00000,0.76719,0.53255,0.86523,0.08960,0.38672,0.75000,0.34766,0.00195,0.00000,0.19922,0.00391,0.12068,0.06358,33.90644
state_only_dynamics_model,fixture_topology_shift,3,8,0.00000,0.81756,0.66732,0.90846,0.09082,0.55078,0.75000,0.25977,0.00781,0.00000,0.17187,0.00781,0.27724,0.09238,24.34805
state_only_dynamics_model,fixture_topology_shift,4,8,0.00000,0.73921,0.45944,0.85612,0.11230,0.31641,0.87500,0.46875,0.01758,0.00195,0.33008,0.00000,0.04276,0.02074,46.74799
state_only_dynamics_model,fixture_topology_shift,5,8,0.00000,0.61673,0.26367,0.89284,0.18481,0.09766,1.00000,0.32617,0.00000,0.00000,0.17969,0.00000,0.00000,0.01715,44.24491
state_only_dynamics_model,fixture_topology_shift,6,8,0.00000,0.75879,0.47194,0.88346,0.10596,0.30664,0.87500,0.42188,0.00195,0.00000,0.29492,0.00195,0.06638,0.02078,38.34492
state_only_dynamics_model,friction_mass_shift,0,8,0.00000,0.90890,0.74675,0.87956,0.04858,0.62695,0.50000,0.00000,0.48438,0.46094,0.00195,0.00586,0.68662,0.05235,12.49316
state_only_dynamics_model,friction_mass_shift,1,8,0.25000,0.93503,0.81484,0.89375,0.03852,0.71211,0.50000,0.00000,0.46719,0.41797,0.00000,0.00781,0.76883,0.10635,11.76353
state_only_dynamics_model,friction_mass_shift,2,8,0.12500,0.96896,0.91979,0.99609,0.01323,0.92187,0.50000,0.00000,0.47578,0.44336,0.00000,0.00976,0.69959,0.04952,11.66838
state_only_dynamics_model,friction_mass_shift,3,8,0.12500,0.98929,0.97578,0.99414,0.00518,0.97656,0.50000,0.00000,0.47578,0.44336,0.00000,0.00391,0.60271,0.07630,11.83399
state_only_dynamics_model,friction_mass_shift,4,8,0.12500,0.94897,0.91367,0.89375,0.02505,0.81953,0.62500,0.00000,0.35469,0.32617,0.00000,0.00586,0.50740,0.05643,11.63621
state_only_dynamics_model,friction_mass_shift,5,8,0.25000,0.98134,0.96185,0.99609,0.00703,0.96602,0.37500,0.00000,0.58828,0.53516,0.00000,0.00586,0.73105,0.08894,11.57195
state_only_dynamics_model,friction_mass_shift,6,8,0.37500,0.96218,0.95951,0.89414,0.02075,0.86250,0.37500,0.00000,0.58789,0.52187,0.00195,0.00391,0.83652,0.11950,11.62114
state_only_dynamics_model,nominal_push_to_pocket,0,8,0.12500,0.99437,0.98516,1.00000,0.00351,0.99805,0.00000,0.00000,0.96016,0.90040,0.00000,0.00000,0.81490,0.01962,11.24644
state_only_dynamics_model,nominal_push_to_pocket,1,8,0.25000,0.97673,0.91719,0.99609,0.01250,0.91797,0.12500,0.00000,0.83047,0.87891,0.00000,0.00000,0.81275,0.02737,11.42695
state_only_dynamics_model,nominal_push_to_pocket,2,8,0.25000,0.99225,0.98255,1.00000,0.00400,0.99609,0.00000,0.00000,0.95156,0.87891,0.00000,0.00000,0.81351,0.01729,11.00176
state_only_dynamics_model,nominal_push_to_pocket,3,8,0.25000,0.98472,0.97838,0.99805,0.00581,0.98789,0.00000,0.00000,0.95156,0.88282,0.00000,0.00000,0.81569,0.01512,11.03567
state_only_dynamics_model,nominal_push_to_pocket,4,8,0.25000,0.99292,0.98416,1.00000,0.00478,0.99609,0.00000,0.00000,0.95156,0.88086,0.00000,0.00000,0.81665,0.01713,11.22292
state_only_dynamics_model,nominal_push_to_pocket,5,8,0.25000,0.99234,0.97786,1.00000,0.00479,0.99609,0.00000,0.00000,0.95156,0.87891,0.00000,0.00000,0.81716,0.01458,11.15165
state_only_dynamics_model,nominal_push_to_pocket,6,8,0.12500,0.98846,0.97396,1.00000,0.00606,0.98984,0.00000,0.00000,0.96641,0.90040,0.00000,0.00000,0.81415,0.02064,11.08617
topology_world_model,combined_stress,0,8,0.25000,0.61535,0.07350,0.60872,0.20811,0.49258,0.29808,0.20508,0.34336,0.30469,0.13477,0.00976,0.76316,0.13611,14.25509
topology_world_model,combined_stress,1,8,0.12500,0.62744,0.08047,0.66667,0.20220,0.42110,0.25240,0.08594,0.34414,0.32422,0.03359,0.00781,0.67025,0.14348,12.68329
topology_world_model,combined_stress,2,8,0.00000,0.59076,0.05892,0.61947,0.22974,0.40820,0.33173,0.10351,0.36719,0.34571,0.03125,0.00391,0.59004,0.13267,13.22943
topology_world_model,combined_stress,3,8,0.12500,0.61630,0.05508,0.58750,0.20781,0.56367,0.50105,0.20508,0.35039,0.32813,0.18359,0.00781,0.70688,0.12560,13.49485
topology_world_model,combined_stress,4,8,0.00000,0.58470,0.05046,0.89648,0.19360,0.16992,0.12500,0.30859,0.01953,0.00586,0.14453,0.01562,0.77442,0.20562,16.31540
topology_world_model,combined_stress,5,8,0.25000,0.61053,0.05950,0.55534,0.20420,0.51602,0.28092,0.20117,0.45469,0.41797,0.05469,0.00391,0.73193,0.11583,18.74072
topology_world_model,combined_stress,6,8,0.00000,0.62689,0.04948,0.53672,0.21631,0.51758,0.43960,0.00000,0.48437,0.46094,0.01758,0.00781,0.77640,0.10635,12.32049
topology_world_model,contact_chain_transfer,0,8,0.00000,0.60124,0.03613,0.87500,0.16724,0.15235,0.48000,0.00000,0.12109,0.11524,0.00000,0.01172,0.45813,0.09149,12.16001
topology_world_model,contact_chain_transfer,1,8,0.00000,0.51296,0.03711,0.86849,0.20264,0.15430,0.23422,0.00000,0.12109,0.11524,0.00195,0.00391,0.18023,0.04525,13.45779
topology_world_model,contact_chain_transfer,2,8,0.00000,0.65873,0.03972,0.64128,0.17456,0.35156,0.54783,0.00000,0.36328,0.34571,0.00000,0.00391,0.46522,0.09267,10.81817
topology_world_model,contact_chain_transfer,3,8,0.00000,0.63131,0.04167,0.52604,0.21216,0.50781,0.68960,0.00000,0.48438,0.46094,0.00000,0.00391,0.55066,0.04114,11.67155
topology_world_model,contact_chain_transfer,4,8,0.12500,0.53605,0.04167,0.88190,0.19111,0.14141,0.40625,0.00000,0.11875,0.10195,0.00000,0.00586,0.37244,0.08645,16.16678
topology_world_model,contact_chain_transfer,5,8,0.00000,0.65071,0.04590,0.53060,0.19800,0.50977,0.69231,0.00000,0.48438,0.46289,0.00000,0.00391,0.55541,0.05498,11.93582
topology_world_model,contact_chain_transfer,6,8,0.12500,0.63154,0.04440,0.66094,0.19566,0.38242,0.62332,0.00000,0.35469,0.32422,0.00000,0.00391,0.45510,0.06962,11.65075
topology_world_model,fixture_topology_shift,0,8,0.00000,0.55723,0.05143,0.60286,0.24805,0.30273,0.22223,0.20508,0.25390,0.23047,0.16992,0.00781,0.42345,0.12310,19.00833
topology_world_model,fixture_topology_shift,1,8,0.25000,0.55752,0.05812,0.76551,0.21124,0.32072,0.15625,0.30078,0.12743,0.10657,0.17742,0.00976,0.52496,0.15333,24.34232
topology_world_model,fixture_topology_shift,2,8,0.00000,0.50418,0.04245,0.86419,0.19482,0.16601,0.12500,0.10742,0.00586,0.00000,0.14453,0.01367,0.27455,0.14898,19.69893
topology_world_model,fixture_topology_shift,3,8,0.00000,0.54702,0.04115,0.87031,0.20264,0.14453,0.25000,0.09766,0.00976,0.00000,0.12695,0.00976,0.47835,0.19375,19.03235
topology_world_model,fixture_topology_shift,4,8,0.00000,0.51263,0.07292,0.84505,0.21899,0.17969,0.00000,0.30273,0.01562,0.00391,0.16797,0.01758,0.31712,0.19987,21.63662
topology_world_model,fixture_topology_shift,5,8,0.00000,0.50859,0.04225,0.76107,0.23096,0.09766,0.00000,0.20703,0.01367,0.00000,0.25195,0.00976,0.20849,0.21185,32.53083
topology_world_model,fixture_topology_shift,6,8,0.00000,0.54987,0.05794,0.74635,0.21973,0.32617,0.12500,0.30273,0.01562,0.00000,0.28711,0.01562,0.40716,0.17928,26.81529
topology_world_model,friction_mass_shift,0,8,0.00000,0.59688,0.03939,0.53412,0.21753,0.24805,0.43482,0.00000,0.48438,0.46094,0.00000,0.00586,0.68607,0.06720,12.31961
topology_world_model,friction_mass_shift,1,8,0.25000,0.58199,0.07194,0.54727,0.22232,0.19688,0.38750,0.00000,0.46719,0.41797,0.00000,0.00781,0.76911,0.09822,11.79703
topology_world_model,friction_mass_shift,2,8,0.12500,0.66194,0.05612,0.53177,0.18589,0.48789,0.72079,0.00000,0.47578,0.44531,0.00000,0.00586,0.71101,0.10708,11.67233
topology_world_model,friction_mass_shift,3,8,0.12500,0.64137,0.06107,0.55488,0.19492,0.39805,0.63774,0.00000,0.47578,0.43946,0.00000,0.00195,0.50039,0.04090,11.73466
topology_world_model,friction_mass_shift,4,8,0.12500,0.59455,0.07435,0.66120,0.17622,0.34063,0.46422,0.00000,0.35664,0.32617,0.00000,0.01172,0.63704,0.10932,20.50734
topology_world_model,friction_mass_shift,5,8,0.25000,0.63274,0.05716,0.44232,0.20947,0.52422,0.53676,0.00000,0.58828,0.53711,0.00000,0.00586,0.71809,0.08331,11.57630
topology_world_model,friction_mass_shift,6,8,0.37500,0.60699,0.06341,0.44538,0.22266,0.39766,0.51683,0.00000,0.58789,0.51992,0.00195,0.00391,0.83294,0.11841,11.68059
topology_world_model,nominal_push_to_pocket,0,8,0.12500,0.66467,0.04505,0.05938,0.24253,0.98008,0.80529,0.00000,0.96016,0.90040,0.00000,0.00000,0.81490,0.01993,11.24979
topology_world_model,nominal_push_to_pocket,1,8,0.25000,0.58696,0.05495,0.20195,0.22627,0.85860,0.61539,0.00000,0.83047,0.76368,0.00195,0.00000,0.76366,0.02696,27.08584
topology_world_model,nominal_push_to_pocket,2,8,0.25000,0.66424,0.05690,0.07982,0.24092,0.97579,0.72596,0.00000,0.95156,0.87891,0.00000,0.00000,0.81351,0.01764,11.00057
topology_world_model,nominal_push_to_pocket,3,8,0.25000,0.66190,0.05300,0.08633,0.24165,0.96992,0.72596,0.00000,0.95156,0.88282,0.00000,0.00000,0.81569,0.01537,11.03681
topology_world_model,nominal_push_to_pocket,4,8,0.25000,0.66405,0.05391,0.09466,0.24116,0.97383,0.72596,0.00000,0.95156,0.88086,0.00000,0.00000,0.81665,0.01746,11.23154
topology_world_model,nominal_push_to_pocket,5,8,0.25000,0.66229,0.05625,0.07461,0.24116,0.97383,0.72596,0.00000,0.95156,0.87891,0.00000,0.00000,0.81716,0.01461,11.15169
topology_world_model,nominal_push_to_pocket,6,8,0.12500,0.66063,0.04297,0.06979,0.24355,0.97188,0.80529,0.00000,0.96641,0.90040,0.00000,0.00000,0.81415,0.02071,11.08424
