rank,uid,title,year,venue,url,problem_claimed,actual_mechanism,hidden_assumptions,variables_treated_as_fixed,failure_modes_ignored,what_it_makes_less_novel,what_it_leaves_open
1,arxiv:2603.19201v2,OmniVTA: Visuo-Tactile World Modeling for Contact-Rich Robotic Manipulation,2026,arXiv,http://arxiv.org/abs/2603.19201v2,Addresses contact-rich robot world models or a neighboring robotics mechanism.,"Prior work usually predicts, ranks, filters, or imitates observed behavior rather than preserving unrealized branches.",The observed outcome is enough to supervise the model.,"Contact mode support, embodiment limits, and deployment perturbations.","Branch collapse, hidden-mode shift, and tail-risk planning failures.",Generic world models and generic uncertainty are crowded.,Contact topology world models keeps action-critical alternatives explicit until a physical observation collapses them.
2,arxiv:2603.22078v3,Do World Action Models Generalize Better than VLAs? A Robustness Study,2026,arXiv,http://arxiv.org/abs/2603.22078v3,Addresses contact-rich robot world models or a neighboring robotics mechanism.,"Prior work usually predicts, ranks, filters, or imitates observed behavior rather than preserving unrealized branches.",The observed outcome is enough to supervise the model.,"Contact mode support, embodiment limits, and deployment perturbations.","Branch collapse, hidden-mode shift, and tail-risk planning failures.",Generic world models and generic uncertainty are crowded.,Contact topology world models keeps action-critical alternatives explicit until a physical observation collapses them.
3,arxiv:2504.19341v1,PolyTouch: A Robust Multi-Modal Tactile Sensor for Contact-rich Manipulation Using Tactile-Diffusion Policies,2025,arXiv,http://arxiv.org/abs/2504.19341v1,Addresses contact-rich robot world models or a neighboring robotics mechanism.,"Prior work usually predicts, ranks, filters, or imitates observed behavior rather than preserving unrealized branches.",The observed outcome is enough to supervise the model.,"Contact mode support, embodiment limits, and deployment perturbations.","Branch collapse, hidden-mode shift, and tail-risk planning failures.",Generic world models and generic uncertainty are crowded.,Contact topology world models keeps action-critical alternatives explicit until a physical observation collapses them.
4,doi:10.1177/02783649241273645,Contact-implicit Model Predictive Control: Controlling diverse quadruped motions without pre-planned contact modes or trajectories,2025,The International Journal of Robotics Research,https://doi.org/10.1177/02783649241273645,Addresses contact-rich robot world models or a neighboring robotics mechanism.,"Prior work usually predicts, ranks, filters, or imitates observed behavior rather than preserving unrealized branches.",The observed outcome is enough to supervise the model.,"Contact mode support, embodiment limits, and deployment perturbations.","Branch collapse, hidden-mode shift, and tail-risk planning failures.",Generic world models and generic uncertainty are crowded.,Contact topology world models keeps action-critical alternatives explicit until a physical observation collapses them.
5,arxiv:2602.22088v2,Force Policy: Learning Hybrid Force-Position Control Policy under Interaction Frame for Contact-Rich Manipulation,2026,arXiv,http://arxiv.org/abs/2602.22088v2,Addresses contact-rich robot world models or a neighboring robotics mechanism.,"Prior work usually predicts, ranks, filters, or imitates observed behavior rather than preserving unrealized branches.",The observed outcome is enough to supervise the model.,"Contact mode support, embodiment limits, and deployment perturbations.","Branch collapse, hidden-mode shift, and tail-risk planning failures.",Generic world models and generic uncertainty are crowded.,Contact topology world models keeps action-critical alternatives explicit until a physical observation collapses them.
6,arxiv:2603.15169v1,ForceVLA2: Unleashing Hybrid Force-Position Control with Force Awareness for Contact-Rich Manipulation,2026,arXiv,http://arxiv.org/abs/2603.15169v1,Addresses contact-rich robot world models or a neighboring robotics mechanism.,"Prior work usually predicts, ranks, filters, or imitates observed behavior rather than preserving unrealized branches.",The observed outcome is enough to supervise the model.,"Contact mode support, embodiment limits, and deployment perturbations.","Branch collapse, hidden-mode shift, and tail-risk planning failures.",Generic world models and generic uncertainty are crowded.,Contact topology world models keeps action-critical alternatives explicit until a physical observation collapses them.
7,doi:10.3389/frobt.2026.1746577,Fast reprogramming and adaptive reproduction of contact-rich assembly,2026,Frontiers in Robotics and AI,https://doi.org/10.3389/frobt.2026.1746577,Addresses contact-rich robot world models or a neighboring robotics mechanism.,"Prior work usually predicts, ranks, filters, or imitates observed behavior rather than preserving unrealized branches.",The observed outcome is enough to supervise the model.,"Contact mode support, embodiment limits, and deployment perturbations.","Branch collapse, hidden-mode shift, and tail-risk planning failures.",Generic world models and generic uncertainty are crowded.,Contact topology world models keeps action-critical alternatives explicit until a physical observation collapses them.
8,doi:10.21203/rs.3.rs-7347334/v1,Co-Training Multimodal World Models and Diffusion-Guided Policies for Zero-Shot Contact- Rich Manipulation,,,https://doi.org/10.21203/rs.3.rs-7347334/v1,Addresses contact-rich robot world models or a neighboring robotics mechanism.,"Prior work usually predicts, ranks, filters, or imitates observed behavior rather than preserving unrealized branches.",The observed outcome is enough to supervise the model.,"Contact mode support, embodiment limits, and deployment perturbations.","Branch collapse, hidden-mode shift, and tail-risk planning failures.",Generic world models and generic uncertainty are crowded.,Contact topology world models keeps action-critical alternatives explicit until a physical observation collapses them.
9,arxiv:2310.10509v1,Efficient Sim-to-real Transfer of Contact-Rich Manipulation Skills with Online Admittance Residual Learning,2023,arXiv,http://arxiv.org/abs/2310.10509v1,Addresses contact-rich robot world models or a neighboring robotics mechanism.,"Prior work usually predicts, ranks, filters, or imitates observed behavior rather than preserving unrealized branches.",The observed outcome is enough to supervise the model.,"Contact mode support, embodiment limits, and deployment perturbations.","Branch collapse, hidden-mode shift, and tail-risk planning failures.",Generic world models and generic uncertainty are crowded.,Contact topology world models keeps action-critical alternatives explicit until a physical observation collapses them.
10,arxiv:2511.19955v2,ShapeForce: Low-Cost Soft Robotic Wrist for Contact-Rich Manipulation,2025,arXiv,http://arxiv.org/abs/2511.19955v2,Addresses contact-rich robot world models or a neighboring robotics mechanism.,"Prior work usually predicts, ranks, filters, or imitates observed behavior rather than preserving unrealized branches.",The observed outcome is enough to supervise the model.,"Contact mode support, embodiment limits, and deployment perturbations.","Branch collapse, hidden-mode shift, and tail-risk planning failures.",Generic world models and generic uncertainty are crowded.,Contact topology world models keeps action-critical alternatives explicit until a physical observation collapses them.
11,arxiv:2601.10827v1,Approximately Optimal Global Planning for Contact-Rich SE(2) Manipulation on a Graph of Reachable Sets,2026,arXiv,http://arxiv.org/abs/2601.10827v1,Addresses contact-rich robot world models or a neighboring robotics mechanism.,"Prior work usually predicts, ranks, filters, or imitates observed behavior rather than preserving unrealized branches.",The observed outcome is enough to supervise the model.,"Contact mode support, embodiment limits, and deployment perturbations.","Branch collapse, hidden-mode shift, and tail-risk planning failures.",Generic world models and generic uncertainty are crowded.,Contact topology world models keeps action-critical alternatives explicit until a physical observation collapses them.
12,arxiv:2603.23497v1,WildWorld: A Large-Scale Dataset for Dynamic World Modeling with Actions and Explicit State toward Generative ARPG,2026,arXiv,http://arxiv.org/abs/2603.23497v1,Addresses contact-rich robot world models or a neighboring robotics mechanism.,"Prior work usually predicts, ranks, filters, or imitates observed behavior rather than preserving unrealized branches.",The observed outcome is enough to supervise the model.,"Contact mode support, embodiment limits, and deployment perturbations.","Branch collapse, hidden-mode shift, and tail-risk planning failures.",Generic world models and generic uncertainty are crowded.,Contact topology world models keeps action-critical alternatives explicit until a physical observation collapses them.
13,arxiv:2508.04384v1,Incorporating Stochastic Models of Controller Behavior into Kinodynamic Efficiently Adaptive State Lattices for Mobile Robot Motion Planning in Off-Road Environments,2025,arXiv,http://arxiv.org/abs/2508.04384v1,Addresses contact-rich robot world models or a neighboring robotics mechanism.,"Prior work usually predicts, ranks, filters, or imitates observed behavior rather than preserving unrealized branches.",The observed outcome is enough to supervise the model.,"Contact mode support, embodiment limits, and deployment perturbations.","Branch collapse, hidden-mode shift, and tail-risk planning failures.",Generic world models and generic uncertainty are crowded.,Contact topology world models keeps action-critical alternatives explicit until a physical observation collapses them.
14,doi:10.1016/j.lrp.2022.102218,Two heads are safer than one: Changes in CEO duality and venture failure,2022,Long Range Planning,https://doi.org/10.1016/j.lrp.2022.102218,Addresses contact-rich robot world models or a neighboring robotics mechanism.,"Prior work usually predicts, ranks, filters, or imitates observed behavior rather than preserving unrealized branches.",The observed outcome is enough to supervise the model.,"Contact mode support, embodiment limits, and deployment perturbations.","Branch collapse, hidden-mode shift, and tail-risk planning failures.",Generic world models and generic uncertainty are crowded.,Contact topology world models keeps action-critical alternatives explicit until a physical observation collapses them.
15,arxiv:2509.19047v1,ManipForce: Force-Guided Policy Learning with Frequency-Aware Representation for Contact-Rich Manipulation,2025,arXiv,http://arxiv.org/abs/2509.19047v1,Addresses contact-rich robot world models or a neighboring robotics mechanism.,"Prior work usually predicts, ranks, filters, or imitates observed behavior rather than preserving unrealized branches.",The observed outcome is enough to supervise the model.,"Contact mode support, embodiment limits, and deployment perturbations.","Branch collapse, hidden-mode shift, and tail-risk planning failures.",Generic world models and generic uncertainty are crowded.,Contact topology world models keeps action-critical alternatives explicit until a physical observation collapses them.
16,arxiv:2506.00351v2,Recasting Classical Motion Planning for Contact-Rich Manipulation,2025,arXiv,http://arxiv.org/abs/2506.00351v2,Addresses contact-rich robot world models or a neighboring robotics mechanism.,"Prior work usually predicts, ranks, filters, or imitates observed behavior rather than preserving unrealized branches.",The observed outcome is enough to supervise the model.,"Contact mode support, embodiment limits, and deployment perturbations.","Branch collapse, hidden-mode shift, and tail-risk planning failures.",Generic world models and generic uncertainty are crowded.,Contact topology world models keeps action-critical alternatives explicit until a physical observation collapses them.
17,arxiv:2506.01844v1,SmolVLA: A Vision-Language-Action Model for Affordable and Efficient Robotics,2025,arXiv,http://arxiv.org/abs/2506.01844v1,Addresses contact-rich robot world models or a neighboring robotics mechanism.,"Prior work usually predicts, ranks, filters, or imitates observed behavior rather than preserving unrealized branches.",The observed outcome is enough to supervise the model.,"Contact mode support, embodiment limits, and deployment perturbations.","Branch collapse, hidden-mode shift, and tail-risk planning failures.",Generic world models and generic uncertainty are crowded.,Contact topology world models keeps action-critical alternatives explicit until a physical observation collapses them.
18,doi:10.1177/0278364905056196,Bayesian Hybrid Model-State Estimation Applied to Simultaneous Contact Formation Recognition and Geometrical Parameter Estimation,2005,The International Journal of Robotics Research,https://doi.org/10.1177/0278364905056196,Addresses contact-rich robot world models or a neighboring robotics mechanism.,"Prior work usually predicts, ranks, filters, or imitates observed behavior rather than preserving unrealized branches.",The observed outcome is enough to supervise the model.,"Contact mode support, embodiment limits, and deployment perturbations.","Branch collapse, hidden-mode shift, and tail-risk planning failures.",Generic world models and generic uncertainty are crowded.,Contact topology world models keeps action-critical alternatives explicit until a physical observation collapses them.
19,doi:10.3390/pr9040676,Real-World Failure Prevention Framework for Manufacturing Facilities Using Text Data,2021,Processes,https://doi.org/10.3390/pr9040676,Addresses contact-rich robot world models or a neighboring robotics mechanism.,"Prior work usually predicts, ranks, filters, or imitates observed behavior rather than preserving unrealized branches.",The observed outcome is enough to supervise the model.,"Contact mode support, embodiment limits, and deployment perturbations.","Branch collapse, hidden-mode shift, and tail-risk planning failures.",Generic world models and generic uncertainty are crowded.,Contact topology world models keeps action-critical alternatives explicit until a physical observation collapses them.
20,doi:10.1177/0278364904042195,Contact State Estimation Using Multiple Model Estimation and Hidden Markov Models,2004,The International Journal of Robotics Research,https://doi.org/10.1177/0278364904042195,Addresses contact-rich robot world models or a neighboring robotics mechanism.,"Prior work usually predicts, ranks, filters, or imitates observed behavior rather than preserving unrealized branches.",The observed outcome is enough to supervise the model.,"Contact mode support, embodiment limits, and deployment perturbations.","Branch collapse, hidden-mode shift, and tail-risk planning failures.",Generic world models and generic uncertainty are crowded.,Contact topology world models keeps action-critical alternatives explicit until a physical observation collapses them.
21,arxiv:2603.05687v3,Contact-Grounded Policy: Dexterous Visuotactile Policy with Generative Contact Grounding,2026,arXiv,http://arxiv.org/abs/2603.05687v3,Addresses contact-rich robot world models or a neighboring robotics mechanism.,"Prior work usually predicts, ranks, filters, or imitates observed behavior rather than preserving unrealized branches.",The observed outcome is enough to supervise the model.,"Contact mode support, embodiment limits, and deployment perturbations.","Branch collapse, hidden-mode shift, and tail-risk planning failures.",Generic world models and generic uncertainty are crowded.,Contact topology world models keeps action-critical alternatives explicit until a physical observation collapses them.
22,arxiv:2606.08555v1,FAWAM: Force-Aware World Action Models for Closed-Loop Contact-Rich Manipulation,2026,arXiv,http://arxiv.org/abs/2606.08555v1,Addresses contact-rich robot world models or a neighboring robotics mechanism.,"Prior work usually predicts, ranks, filters, or imitates observed behavior rather than preserving unrealized branches.",The observed outcome is enough to supervise the model.,"Contact mode support, embodiment limits, and deployment perturbations.","Branch collapse, hidden-mode shift, and tail-risk planning failures.",Generic world models and generic uncertainty are crowded.,Contact topology world models keeps action-critical alternatives explicit until a physical observation collapses them.
23,arxiv:2506.16685v5,Compliant Residual DAgger: Improving Real-World Contact-Rich Manipulation with Human Corrections,2025,arXiv,http://arxiv.org/abs/2506.16685v5,Addresses contact-rich robot world models or a neighboring robotics mechanism.,"Prior work usually predicts, ranks, filters, or imitates observed behavior rather than preserving unrealized branches.",The observed outcome is enough to supervise the model.,"Contact mode support, embodiment limits, and deployment perturbations.","Branch collapse, hidden-mode shift, and tail-risk planning failures.",Generic world models and generic uncertainty are crowded.,Contact topology world models keeps action-critical alternatives explicit until a physical observation collapses them.
24,arxiv:2606.08737v1,Dream-Tac: A Unified Tactile World Action Model for Contact-Rich Robot Manipulation,2026,arXiv,http://arxiv.org/abs/2606.08737v1,Addresses contact-rich robot world models or a neighboring robotics mechanism.,"Prior work usually predicts, ranks, filters, or imitates observed behavior rather than preserving unrealized branches.",The observed outcome is enough to supervise the model.,"Contact mode support, embodiment limits, and deployment perturbations.","Branch collapse, hidden-mode shift, and tail-risk planning failures.",Generic world models and generic uncertainty are crowded.,Contact topology world models keeps action-critical alternatives explicit until a physical observation collapses them.
25,arxiv:2606.06556v1,Robots Need More than VLA and World Models,2026,arXiv,http://arxiv.org/abs/2606.06556v1,Addresses contact-rich robot world models or a neighboring robotics mechanism.,"Prior work usually predicts, ranks, filters, or imitates observed behavior rather than preserving unrealized branches.",The observed outcome is enough to supervise the model.,"Contact mode support, embodiment limits, and deployment perturbations.","Branch collapse, hidden-mode shift, and tail-risk planning failures.",Generic world models and generic uncertainty are crowded.,Contact topology world models keeps action-critical alternatives explicit until a physical observation collapses them.
26,doi:10.31234/osf.io/d9c4h,Independent storage of real-world object features is visual rather than verbal in nature,,,https://doi.org/10.31234/osf.io/d9c4h,Addresses contact-rich robot world models or a neighboring robotics mechanism.,"Prior work usually predicts, ranks, filters, or imitates observed behavior rather than preserving unrealized branches.",The observed outcome is enough to supervise the model.,"Contact mode support, embodiment limits, and deployment perturbations.","Branch collapse, hidden-mode shift, and tail-risk planning failures.",Generic world models and generic uncertainty are crowded.,Contact topology world models keeps action-critical alternatives explicit until a physical observation collapses them.
27,doi:10.1002/aenm.201902568,Diffusion Limitation of Lithium Metal and Li–Mg Alloy Anodes on LLZO Type Solid Electrolytes as a Function of Temperature and Pressure,2019,Advanced Energy Materials,https://doi.org/10.1002/aenm.201902568,Addresses contact-rich robot world models or a neighboring robotics mechanism.,"Prior work usually predicts, ranks, filters, or imitates observed behavior rather than preserving unrealized branches.",The observed outcome is enough to supervise the model.,"Contact mode support, embodiment limits, and deployment perturbations.","Branch collapse, hidden-mode shift, and tail-risk planning failures.",Generic world models and generic uncertainty are crowded.,Contact topology world models keeps action-critical alternatives explicit until a physical observation collapses them.
28,doi:10.1523/jneurosci.5792-11.2012,Muscle Coordination Is Habitual Rather than Optimal,2012,Journal of Neuroscience,https://doi.org/10.1523/jneurosci.5792-11.2012,Addresses contact-rich robot world models or a neighboring robotics mechanism.,"Prior work usually predicts, ranks, filters, or imitates observed behavior rather than preserving unrealized branches.",The observed outcome is enough to supervise the model.,"Contact mode support, embodiment limits, and deployment perturbations.","Branch collapse, hidden-mode shift, and tail-risk planning failures.",Generic world models and generic uncertainty are crowded.,Contact topology world models keeps action-critical alternatives explicit until a physical observation collapses them.
29,title:robots need more than vla and world models,Robots Need More than VLA and World Models,2026,arXiv (Cornell University),https://openalex.org/W7164090348,Addresses contact-rich robot world models or a neighboring robotics mechanism.,"Prior work usually predicts, ranks, filters, or imitates observed behavior rather than preserving unrealized branches.",The observed outcome is enough to supervise the model.,"Contact mode support, embodiment limits, and deployment perturbations.","Branch collapse, hidden-mode shift, and tail-risk planning failures.",Generic world models and generic uncertainty are crowded.,Contact topology world models keeps action-critical alternatives explicit until a physical observation collapses them.
30,doi:10.1142/s0219686728500011,Visual-Haptic Fusion for Contact-Rich Robot Skill Transfer via Diffusion Models,2026,Journal of Advanced Manufacturing Systems,https://doi.org/10.1142/s0219686728500011,Addresses contact-rich robot world models or a neighboring robotics mechanism.,"Prior work usually predicts, ranks, filters, or imitates observed behavior rather than preserving unrealized branches.",The observed outcome is enough to supervise the model.,"Contact mode support, embodiment limits, and deployment perturbations.","Branch collapse, hidden-mode shift, and tail-risk planning failures.",Generic world models and generic uncertainty are crowded.,Contact topology world models keeps action-critical alternatives explicit until a physical observation collapses them.
31,doi:10.66967/jaics.2026.v2i103,Multimodal AI: PaLM-E’s Role in Vision–Language–Robotics & the Future of Efficient Fine-Tuning,2026,Journal of Artificial Intelligence & Control Systems,https://doi.org/10.66967/jaics.2026.v2i103,Addresses contact-rich robot world models or a neighboring robotics mechanism.,"Prior work usually predicts, ranks, filters, or imitates observed behavior rather than preserving unrealized branches.",The observed outcome is enough to supervise the model.,"Contact mode support, embodiment limits, and deployment perturbations.","Branch collapse, hidden-mode shift, and tail-risk planning failures.",Generic world models and generic uncertainty are crowded.,Contact topology world models keeps action-critical alternatives explicit until a physical observation collapses them.
32,doi:10.1108/ria-02-2023-0018,Implicit contact-rich manipulation planning for a manipulator with insufficient payload,2023,Robotic Intelligence and Automation,https://doi.org/10.1108/ria-02-2023-0018,Addresses contact-rich robot world models or a neighboring robotics mechanism.,"Prior work usually predicts, ranks, filters, or imitates observed behavior rather than preserving unrealized branches.",The observed outcome is enough to supervise the model.,"Contact mode support, embodiment limits, and deployment perturbations.","Branch collapse, hidden-mode shift, and tail-risk planning failures.",Generic world models and generic uncertainty are crowded.,Contact topology world models keeps action-critical alternatives explicit until a physical observation collapses them.
33,doi:10.21203/rs.3.rs-9525948/v1,"Domain-Generalizable Emotion Recognition across Social Media, Sitcom Dialogues, and Online Video Transcripts via Large Language Model-Guided Invariant Emotion Explanations",,,https://doi.org/10.21203/rs.3.rs-9525948/v1,Addresses contact-rich robot world models or a neighboring robotics mechanism.,"Prior work usually predicts, ranks, filters, or imitates observed behavior rather than preserving unrealized branches.",The observed outcome is enough to supervise the model.,"Contact mode support, embodiment limits, and deployment perturbations.","Branch collapse, hidden-mode shift, and tail-risk planning failures.",Generic world models and generic uncertainty are crowded.,Contact topology world models keeps action-critical alternatives explicit until a physical observation collapses them.
34,arxiv:2503.16806v2,DyWA: Dynamics-adaptive World Action Model for Generalizable Non-prehensile Manipulation,2025,arXiv,http://arxiv.org/abs/2503.16806v2,Addresses contact-rich robot world models or a neighboring robotics mechanism.,"Prior work usually predicts, ranks, filters, or imitates observed behavior rather than preserving unrealized branches.",The observed outcome is enough to supervise the model.,"Contact mode support, embodiment limits, and deployment perturbations.","Branch collapse, hidden-mode shift, and tail-risk planning failures.",Generic world models and generic uncertainty are crowded.,Contact topology world models keeps action-critical alternatives explicit until a physical observation collapses them.
35,doi:10.1177/0278364906063979,Motion Planning of Multi-Limbed Robots Subject to Equilibrium Constraints: The Free-Climbing Robot Problem,2006,The International Journal of Robotics Research,https://doi.org/10.1177/0278364906063979,Addresses contact-rich robot world models or a neighboring robotics mechanism.,"Prior work usually predicts, ranks, filters, or imitates observed behavior rather than preserving unrealized branches.",The observed outcome is enough to supervise the model.,"Contact mode support, embodiment limits, and deployment perturbations.","Branch collapse, hidden-mode shift, and tail-risk planning failures.",Generic world models and generic uncertainty are crowded.,Contact topology world models keeps action-critical alternatives explicit until a physical observation collapses them.
36,doi:10.21203/rs.3.rs-9082476/v1,Systematic evaluation of single-cell foundation model interpretability reveals attention captures co-expression rather than unique regulatory signal,,,https://doi.org/10.21203/rs.3.rs-9082476/v1,Addresses contact-rich robot world models or a neighboring robotics mechanism.,"Prior work usually predicts, ranks, filters, or imitates observed behavior rather than preserving unrealized branches.",The observed outcome is enough to supervise the model.,"Contact mode support, embodiment limits, and deployment perturbations.","Branch collapse, hidden-mode shift, and tail-risk planning failures.",Generic world models and generic uncertainty are crowded.,Contact topology world models keeps action-critical alternatives explicit until a physical observation collapses them.
37,doi:10.1186/s10033-025-01216-8,"Fast, Safe and Robust Motion Planning for Autonomous Vehicles Based on Robust Control Invariant Tubes",2025,Chinese Journal of Mechanical Engineering,https://doi.org/10.1186/s10033-025-01216-8,Addresses contact-rich robot world models or a neighboring robotics mechanism.,"Prior work usually predicts, ranks, filters, or imitates observed behavior rather than preserving unrealized branches.",The observed outcome is enough to supervise the model.,"Contact mode support, embodiment limits, and deployment perturbations.","Branch collapse, hidden-mode shift, and tail-risk planning failures.",Generic world models and generic uncertainty are crowded.,Contact topology world models keeps action-critical alternatives explicit until a physical observation collapses them.
38,doi:10.3390/s20030939,Learning Mobile Manipulation through Deep Reinforcement Learning,2020,Sensors,https://doi.org/10.3390/s20030939,Addresses contact-rich robot world models or a neighboring robotics mechanism.,"Prior work usually predicts, ranks, filters, or imitates observed behavior rather than preserving unrealized branches.",The observed outcome is enough to supervise the model.,"Contact mode support, embodiment limits, and deployment perturbations.","Branch collapse, hidden-mode shift, and tail-risk planning failures.",Generic world models and generic uncertainty are crowded.,Contact topology world models keeps action-critical alternatives explicit until a physical observation collapses them.
39,arxiv:2605.27972v1,Simultaneous Contact Selection and Planning for Contact-Rich Manipulation with Cascaded Optimization,2026,arXiv,http://arxiv.org/abs/2605.27972v1,Addresses contact-rich robot world models or a neighboring robotics mechanism.,"Prior work usually predicts, ranks, filters, or imitates observed behavior rather than preserving unrealized branches.",The observed outcome is enough to supervise the model.,"Contact mode support, embodiment limits, and deployment perturbations.","Branch collapse, hidden-mode shift, and tail-risk planning failures.",Generic world models and generic uncertainty are crowded.,Contact topology world models keeps action-critical alternatives explicit until a physical observation collapses them.
40,doi:10.1155/2010/581840,Prediction Control for Brachytherapy Robotic System,2010,Journal of Robotics,https://doi.org/10.1155/2010/581840,Addresses contact-rich robot world models or a neighboring robotics mechanism.,"Prior work usually predicts, ranks, filters, or imitates observed behavior rather than preserving unrealized branches.",The observed outcome is enough to supervise the model.,"Contact mode support, embodiment limits, and deployment perturbations.","Branch collapse, hidden-mode shift, and tail-risk planning failures.",Generic world models and generic uncertainty are crowded.,Contact topology world models keeps action-critical alternatives explicit until a physical observation collapses them.
41,doi:10.1177/02783649231188387,Optimizing contact patterns for robot locomotion via geometric mechanics,2023,The International Journal of Robotics Research,https://doi.org/10.1177/02783649231188387,Addresses contact-rich robot world models or a neighboring robotics mechanism.,"Prior work usually predicts, ranks, filters, or imitates observed behavior rather than preserving unrealized branches.",The observed outcome is enough to supervise the model.,"Contact mode support, embodiment limits, and deployment perturbations.","Branch collapse, hidden-mode shift, and tail-risk planning failures.",Generic world models and generic uncertainty are crowded.,Contact topology world models keeps action-critical alternatives explicit until a physical observation collapses them.
42,arxiv:1812.01127v2,Learning to Predict Ego-Vehicle Poses for Sampling-Based Nonholonomic Motion Planning,2018,arXiv,http://arxiv.org/abs/1812.01127v2,Addresses contact-rich robot world models or a neighboring robotics mechanism.,"Prior work usually predicts, ranks, filters, or imitates observed behavior rather than preserving unrealized branches.",The observed outcome is enough to supervise the model.,"Contact mode support, embodiment limits, and deployment perturbations.","Branch collapse, hidden-mode shift, and tail-risk planning failures.",Generic world models and generic uncertainty are crowded.,Contact topology world models keeps action-critical alternatives explicit until a physical observation collapses them.
43,doi:10.1177/0278364908092463,Automatic Generation of High-level Contact State Space between 3D Curved Objects,2008,The International Journal of Robotics Research,https://doi.org/10.1177/0278364908092463,Addresses contact-rich robot world models or a neighboring robotics mechanism.,"Prior work usually predicts, ranks, filters, or imitates observed behavior rather than preserving unrealized branches.",The observed outcome is enough to supervise the model.,"Contact mode support, embodiment limits, and deployment perturbations.","Branch collapse, hidden-mode shift, and tail-risk planning failures.",Generic world models and generic uncertainty are crowded.,Contact topology world models keeps action-critical alternatives explicit until a physical observation collapses them.
44,doi:10.3390/su13052527,Assessment of Cubic Equations of State: Machine Learning for Rich Carbon-Dioxide Systems,2021,Sustainability,https://doi.org/10.3390/su13052527,Addresses contact-rich robot world models or a neighboring robotics mechanism.,"Prior work usually predicts, ranks, filters, or imitates observed behavior rather than preserving unrealized branches.",The observed outcome is enough to supervise the model.,"Contact mode support, embodiment limits, and deployment perturbations.","Branch collapse, hidden-mode shift, and tail-risk planning failures.",Generic world models and generic uncertainty are crowded.,Contact topology world models keeps action-critical alternatives explicit until a physical observation collapses them.
45,arxiv:2407.16976v1,Simultaneous Trajectory Optimization and Contact Selection for Contact-rich Manipulation with High-Fidelity Geometry,2024,arXiv,http://arxiv.org/abs/2407.16976v1,Addresses contact-rich robot world models or a neighboring robotics mechanism.,"Prior work usually predicts, ranks, filters, or imitates observed behavior rather than preserving unrealized branches.",The observed outcome is enough to supervise the model.,"Contact mode support, embodiment limits, and deployment perturbations.","Branch collapse, hidden-mode shift, and tail-risk planning failures.",Generic world models and generic uncertainty are crowded.,Contact topology world models keeps action-critical alternatives explicit until a physical observation collapses them.
46,arxiv:2409.11146v3,MI-HGNN: Morphology-Informed Heterogeneous Graph Neural Network for Legged Robot Contact Perception,2024,arXiv,http://arxiv.org/abs/2409.11146v3,Addresses contact-rich robot world models or a neighboring robotics mechanism.,"Prior work usually predicts, ranks, filters, or imitates observed behavior rather than preserving unrealized branches.",The observed outcome is enough to supervise the model.,"Contact mode support, embodiment limits, and deployment perturbations.","Branch collapse, hidden-mode shift, and tail-risk planning failures.",Generic world models and generic uncertainty are crowded.,Contact topology world models keeps action-critical alternatives explicit until a physical observation collapses them.
47,doi:10.3389/frobt.2021.785925,Mediating Between Contact Feasibility and Robustness of Trajectory Optimization Through Chance Complementarity Constraints,2022,Frontiers in Robotics and AI,https://doi.org/10.3389/frobt.2021.785925,Addresses contact-rich robot world models or a neighboring robotics mechanism.,"Prior work usually predicts, ranks, filters, or imitates observed behavior rather than preserving unrealized branches.",The observed outcome is enough to supervise the model.,"Contact mode support, embodiment limits, and deployment perturbations.","Branch collapse, hidden-mode shift, and tail-risk planning failures.",Generic world models and generic uncertainty are crowded.,Contact topology world models keeps action-critical alternatives explicit until a physical observation collapses them.
48,arxiv:2511.04361v2,Causal Regime Detection in Energy Markets With Augmented Time Series Structural Causal Models,2025,arXiv,http://arxiv.org/abs/2511.04361v2,Addresses contact-rich robot world models or a neighboring robotics mechanism.,"Prior work usually predicts, ranks, filters, or imitates observed behavior rather than preserving unrealized branches.",The observed outcome is enough to supervise the model.,"Contact mode support, embodiment limits, and deployment perturbations.","Branch collapse, hidden-mode shift, and tail-risk planning failures.",Generic world models and generic uncertainty are crowded.,Contact topology world models keeps action-critical alternatives explicit until a physical observation collapses them.
49,doi:10.1002/wjs.70360,"Perioperative Systemic Stress Phenotypes Predict Immune Recovery Failure, Molecular Residual Disease, and Long‐Term Outcomes After Colorectal Cancer Surgery: A Prospective Cohort Study",2026,World Journal of Surgery,https://doi.org/10.1002/wjs.70360,Addresses contact-rich robot world models or a neighboring robotics mechanism.,"Prior work usually predicts, ranks, filters, or imitates observed behavior rather than preserving unrealized branches.",The observed outcome is enough to supervise the model.,"Contact mode support, embodiment limits, and deployment perturbations.","Branch collapse, hidden-mode shift, and tail-risk planning failures.",Generic world models and generic uncertainty are crowded.,Contact topology world models keeps action-critical alternatives explicit until a physical observation collapses them.
50,doi:10.1093/eurheartj/ehaf784.1288,SGLT2i and ARNI improve long-term heart failure outcomes: a multi-state model analysis from a real-world southeast asian cohort,2025,European Heart Journal,https://doi.org/10.1093/eurheartj/ehaf784.1288,Addresses contact-rich robot world models or a neighboring robotics mechanism.,"Prior work usually predicts, ranks, filters, or imitates observed behavior rather than preserving unrealized branches.",The observed outcome is enough to supervise the model.,"Contact mode support, embodiment limits, and deployment perturbations.","Branch collapse, hidden-mode shift, and tail-risk planning failures.",Generic world models and generic uncertainty are crowded.,Contact topology world models keeps action-critical alternatives explicit until a physical observation collapses them.
51,doi:10.1093/eurheartj/ehaf784.1477,Progression of heart failure and the impact of recurrent hospitalizations: a multi-state model analysis from a real-world southeast asian cohort,2025,European Heart Journal,https://doi.org/10.1093/eurheartj/ehaf784.1477,Addresses contact-rich robot world models or a neighboring robotics mechanism.,"Prior work usually predicts, ranks, filters, or imitates observed behavior rather than preserving unrealized branches.",The observed outcome is enough to supervise the model.,"Contact mode support, embodiment limits, and deployment perturbations.","Branch collapse, hidden-mode shift, and tail-risk planning failures.",Generic world models and generic uncertainty are crowded.,Contact topology world models keeps action-critical alternatives explicit until a physical observation collapses them.
52,doi:10.58256/rjah.v4i1.1247,Global trends in world politics as a limitation of the foreign policy maneuvers of the state,2023,Research Journal in Advanced Humanities,https://doi.org/10.58256/rjah.v4i1.1247,Addresses contact-rich robot world models or a neighboring robotics mechanism.,"Prior work usually predicts, ranks, filters, or imitates observed behavior rather than preserving unrealized branches.",The observed outcome is enough to supervise the model.,"Contact mode support, embodiment limits, and deployment perturbations.","Branch collapse, hidden-mode shift, and tail-risk planning failures.",Generic world models and generic uncertainty are crowded.,Contact topology world models keeps action-critical alternatives explicit until a physical observation collapses them.
53,arxiv:2606.11184v1,TacForeSight: Force-Guided Tactile World Model for Contact-Rich Manipulation,2026,arXiv,http://arxiv.org/abs/2606.11184v1,Addresses contact-rich robot world models or a neighboring robotics mechanism.,"Prior work usually predicts, ranks, filters, or imitates observed behavior rather than preserving unrealized branches.",The observed outcome is enough to supervise the model.,"Contact mode support, embodiment limits, and deployment perturbations.","Branch collapse, hidden-mode shift, and tail-risk planning failures.",Generic world models and generic uncertainty are crowded.,Contact topology world models keeps action-critical alternatives explicit until a physical observation collapses them.
54,arxiv:2508.19851v1,Tracking World States with Language Models: State-Based Evaluation Using Chess,2025,arXiv,http://arxiv.org/abs/2508.19851v1,Addresses contact-rich robot world models or a neighboring robotics mechanism.,"Prior work usually predicts, ranks, filters, or imitates observed behavior rather than preserving unrealized branches.",The observed outcome is enough to supervise the model.,"Contact mode support, embodiment limits, and deployment perturbations.","Branch collapse, hidden-mode shift, and tail-risk planning failures.",Generic world models and generic uncertainty are crowded.,Contact topology world models keeps action-critical alternatives explicit until a physical observation collapses them.
55,arxiv:2603.28545v1,ManipArena: Comprehensive Real-world Evaluation of Reasoning-Oriented Generalist Robot Manipulation,2026,arXiv,http://arxiv.org/abs/2603.28545v1,Addresses contact-rich robot world models or a neighboring robotics mechanism.,"Prior work usually predicts, ranks, filters, or imitates observed behavior rather than preserving unrealized branches.",The observed outcome is enough to supervise the model.,"Contact mode support, embodiment limits, and deployment perturbations.","Branch collapse, hidden-mode shift, and tail-risk planning failures.",Generic world models and generic uncertainty are crowded.,Contact topology world models keeps action-critical alternatives explicit until a physical observation collapses them.
56,arxiv:2509.19480v1,OmniVLA: An Omni-Modal Vision-Language-Action Model for Robot Navigation,2025,arXiv,http://arxiv.org/abs/2509.19480v1,Addresses contact-rich robot world models or a neighboring robotics mechanism.,"Prior work usually predicts, ranks, filters, or imitates observed behavior rather than preserving unrealized branches.",The observed outcome is enough to supervise the model.,"Contact mode support, embodiment limits, and deployment perturbations.","Branch collapse, hidden-mode shift, and tail-risk planning failures.",Generic world models and generic uncertainty are crowded.,Contact topology world models keeps action-critical alternatives explicit until a physical observation collapses them.
57,doi:10.1109/cvpr52733.2024.01750,Learning Object State Changes in Videos: An Open-World Perspective,2024,2024 IEEE/CVF Conference on Computer Vision and Pattern Recognition (CVPR),https://doi.org/10.1109/cvpr52733.2024.01750,Addresses contact-rich robot world models or a neighboring robotics mechanism.,"Prior work usually predicts, ranks, filters, or imitates observed behavior rather than preserving unrealized branches.",The observed outcome is enough to supervise the model.,"Contact mode support, embodiment limits, and deployment perturbations.","Branch collapse, hidden-mode shift, and tail-risk planning failures.",Generic world models and generic uncertainty are crowded.,Contact topology world models keeps action-critical alternatives explicit until a physical observation collapses them.
58,arxiv:2302.13212v1,Implicit Contact-Rich Manipulation Planning for a Manipulator with Insufficient Payload,2023,arXiv,http://arxiv.org/abs/2302.13212v1,Addresses contact-rich robot world models or a neighboring robotics mechanism.,"Prior work usually predicts, ranks, filters, or imitates observed behavior rather than preserving unrealized branches.",The observed outcome is enough to supervise the model.,"Contact mode support, embodiment limits, and deployment perturbations.","Branch collapse, hidden-mode shift, and tail-risk planning failures.",Generic world models and generic uncertainty are crowded.,Contact topology world models keeps action-critical alternatives explicit until a physical observation collapses them.
59,arxiv:2606.09630v1,ReCoVLA: VLM-Guided Reward Compilation for Failure Recovery in Vision-Language-Action Policies,2026,arXiv,http://arxiv.org/abs/2606.09630v1,Addresses contact-rich robot world models or a neighboring robotics mechanism.,"Prior work usually predicts, ranks, filters, or imitates observed behavior rather than preserving unrealized branches.",The observed outcome is enough to supervise the model.,"Contact mode support, embodiment limits, and deployment perturbations.","Branch collapse, hidden-mode shift, and tail-risk planning failures.",Generic world models and generic uncertainty are crowded.,Contact topology world models keeps action-critical alternatives explicit until a physical observation collapses them.
60,doi:10.1146/annurev-control-053018-023717,Formal Methods for Control Synthesis: An Optimization Perspective,2019,"Annual Review of Control, Robotics, and Autonomous Systems",https://doi.org/10.1146/annurev-control-053018-023717,Addresses contact-rich robot world models or a neighboring robotics mechanism.,"Prior work usually predicts, ranks, filters, or imitates observed behavior rather than preserving unrealized branches.",The observed outcome is enough to supervise the model.,"Contact mode support, embodiment limits, and deployment perturbations.","Branch collapse, hidden-mode shift, and tail-risk planning failures.",Generic world models and generic uncertainty are crowded.,Contact topology world models keeps action-critical alternatives explicit until a physical observation collapses them.
61,doi:10.1016/j.ensm.2024.103350,Improved interfacial contact and electrochemical performance of highly Ni-rich LiNixCoyMn1-x-yO2 (x>90%) cathode in all-solid-state lithium battery,2024,Energy Storage Materials,https://doi.org/10.1016/j.ensm.2024.103350,Addresses contact-rich robot world models or a neighboring robotics mechanism.,"Prior work usually predicts, ranks, filters, or imitates observed behavior rather than preserving unrealized branches.",The observed outcome is enough to supervise the model.,"Contact mode support, embodiment limits, and deployment perturbations.","Branch collapse, hidden-mode shift, and tail-risk planning failures.",Generic world models and generic uncertainty are crowded.,Contact topology world models keeps action-critical alternatives explicit until a physical observation collapses them.
62,doi:10.1109/lra.2024.3375257,Continuous Object State Recognition for Cooking Robots Using Pre-Trained Vision-Language Models and Black-box Optimization,2024,arXiv,http://arxiv.org/abs/2403.08239v1,Addresses contact-rich robot world models or a neighboring robotics mechanism.,"Prior work usually predicts, ranks, filters, or imitates observed behavior rather than preserving unrealized branches.",The observed outcome is enough to supervise the model.,"Contact mode support, embodiment limits, and deployment perturbations.","Branch collapse, hidden-mode shift, and tail-risk planning failures.",Generic world models and generic uncertainty are crowded.,Contact topology world models keeps action-critical alternatives explicit until a physical observation collapses them.
63,doi:10.65109/robu3078,State Supervised Steering Function for Sampling-based Kinodynamic Planning,2022,International Joint Conference on Autonomous Agents and Multiagent Systems Proceedings of the Third International Joint Conference on Autonomous Agents and Multiagent Systems - Volume 1,https://doi.org/10.65109/robu3078,Addresses contact-rich robot world models or a neighboring robotics mechanism.,"Prior work usually predicts, ranks, filters, or imitates observed behavior rather than preserving unrealized branches.",The observed outcome is enough to supervise the model.,"Contact mode support, embodiment limits, and deployment perturbations.","Branch collapse, hidden-mode shift, and tail-risk planning failures.",Generic world models and generic uncertainty are crowded.,Contact topology world models keeps action-critical alternatives explicit until a physical observation collapses them.
64,doi:10.1146/annurev-control-061520-010504,Factor Graphs: Exploiting Structure in Robotics,2021,"Annual Review of Control, Robotics, and Autonomous Systems",https://doi.org/10.1146/annurev-control-061520-010504,Addresses contact-rich robot world models or a neighboring robotics mechanism.,"Prior work usually predicts, ranks, filters, or imitates observed behavior rather than preserving unrealized branches.",The observed outcome is enough to supervise the model.,"Contact mode support, embodiment limits, and deployment perturbations.","Branch collapse, hidden-mode shift, and tail-risk planning failures.",Generic world models and generic uncertainty are crowded.,Contact topology world models keeps action-critical alternatives explicit until a physical observation collapses them.
65,arxiv:2402.01617v1,A GP-based Robust Motion Planning Framework for Agile Autonomous Robot Navigation and Recovery in Unknown Environments,2024,arXiv,http://arxiv.org/abs/2402.01617v1,Addresses contact-rich robot world models or a neighboring robotics mechanism.,"Prior work usually predicts, ranks, filters, or imitates observed behavior rather than preserving unrealized branches.",The observed outcome is enough to supervise the model.,"Contact mode support, embodiment limits, and deployment perturbations.","Branch collapse, hidden-mode shift, and tail-risk planning failures.",Generic world models and generic uncertainty are crowded.,Contact topology world models keeps action-critical alternatives explicit until a physical observation collapses them.
66,arxiv:2511.20156v1,Map-World: Masked Action planning and Path-Integral World Model for Autonomous Driving,2025,arXiv,http://arxiv.org/abs/2511.20156v1,Addresses contact-rich robot world models or a neighboring robotics mechanism.,"Prior work usually predicts, ranks, filters, or imitates observed behavior rather than preserving unrealized branches.",The observed outcome is enough to supervise the model.,"Contact mode support, embodiment limits, and deployment perturbations.","Branch collapse, hidden-mode shift, and tail-risk planning failures.",Generic world models and generic uncertainty are crowded.,Contact topology world models keeps action-critical alternatives explicit until a physical observation collapses them.
67,arxiv:2510.17439v3,From Spatial to Actions: Grounding Vision-Language-Action Model in Spatial Foundation Priors,2025,arXiv,http://arxiv.org/abs/2510.17439v3,Addresses contact-rich robot world models or a neighboring robotics mechanism.,"Prior work usually predicts, ranks, filters, or imitates observed behavior rather than preserving unrealized branches.",The observed outcome is enough to supervise the model.,"Contact mode support, embodiment limits, and deployment perturbations.","Branch collapse, hidden-mode shift, and tail-risk planning failures.",Generic world models and generic uncertainty are crowded.,Contact topology world models keeps action-critical alternatives explicit until a physical observation collapses them.
68,doi:10.2139/ssrn.6731995,EntKGBench: A Benchmark for Evaluating Large Language Model Reasoning on Real-World Enterprise Knowledge Graphs,,,https://doi.org/10.2139/ssrn.6731995,Addresses contact-rich robot world models or a neighboring robotics mechanism.,"Prior work usually predicts, ranks, filters, or imitates observed behavior rather than preserving unrealized branches.",The observed outcome is enough to supervise the model.,"Contact mode support, embodiment limits, and deployment perturbations.","Branch collapse, hidden-mode shift, and tail-risk planning failures.",Generic world models and generic uncertainty are crowded.,Contact topology world models keeps action-critical alternatives explicit until a physical observation collapses them.
69,doi:10.7577/seminar.2369,Teacher education as design: technology-rich learning environments and trajectories,2014,Seminar.net,https://doi.org/10.7577/seminar.2369,Addresses contact-rich robot world models or a neighboring robotics mechanism.,"Prior work usually predicts, ranks, filters, or imitates observed behavior rather than preserving unrealized branches.",The observed outcome is enough to supervise the model.,"Contact mode support, embodiment limits, and deployment perturbations.","Branch collapse, hidden-mode shift, and tail-risk planning failures.",Generic world models and generic uncertainty are crowded.,Contact topology world models keeps action-critical alternatives explicit until a physical observation collapses them.
70,doi:10.1080/0886022x.2025.2496980,Factors influencing early renal function changes after SGLT2 inhibitors use and its long-term prognosis: a real-world retrospective study,2025,Renal Failure,https://doi.org/10.1080/0886022x.2025.2496980,Addresses contact-rich robot world models or a neighboring robotics mechanism.,"Prior work usually predicts, ranks, filters, or imitates observed behavior rather than preserving unrealized branches.",The observed outcome is enough to supervise the model.,"Contact mode support, embodiment limits, and deployment perturbations.","Branch collapse, hidden-mode shift, and tail-risk planning failures.",Generic world models and generic uncertainty are crowded.,Contact topology world models keeps action-critical alternatives explicit until a physical observation collapses them.
71,arxiv:2603.06987v1,Foundational World Models Accurately Detect Bimanual Manipulator Failures,2026,arXiv,http://arxiv.org/abs/2603.06987v1,Addresses contact-rich robot world models or a neighboring robotics mechanism.,"Prior work usually predicts, ranks, filters, or imitates observed behavior rather than preserving unrealized branches.",The observed outcome is enough to supervise the model.,"Contact mode support, embodiment limits, and deployment perturbations.","Branch collapse, hidden-mode shift, and tail-risk planning failures.",Generic world models and generic uncertainty are crowded.,Contact topology world models keeps action-critical alternatives explicit until a physical observation collapses them.
72,doi:10.1167/19.10.52b,Updating Perception and Action Across Real-World Viewpoint Changes,2019,Journal of Vision,https://doi.org/10.1167/19.10.52b,Addresses contact-rich robot world models or a neighboring robotics mechanism.,"Prior work usually predicts, ranks, filters, or imitates observed behavior rather than preserving unrealized branches.",The observed outcome is enough to supervise the model.,"Contact mode support, embodiment limits, and deployment perturbations.","Branch collapse, hidden-mode shift, and tail-risk planning failures.",Generic world models and generic uncertainty are crowded.,Contact topology world models keeps action-critical alternatives explicit until a physical observation collapses them.
73,doi:10.1063/1.4952293,An industrial robot singular trajectories planning based on graphs and neural networks,2016,AIP Conference Proceedings,https://doi.org/10.1063/1.4952293,Addresses contact-rich robot world models or a neighboring robotics mechanism.,"Prior work usually predicts, ranks, filters, or imitates observed behavior rather than preserving unrealized branches.",The observed outcome is enough to supervise the model.,"Contact mode support, embodiment limits, and deployment perturbations.","Branch collapse, hidden-mode shift, and tail-risk planning failures.",Generic world models and generic uncertainty are crowded.,Contact topology world models keeps action-critical alternatives explicit until a physical observation collapses them.
74,doi:10.1016/j.coal.2021.103857,"Macromolecular structural changes in contact metamorphosed inertinite-rich coals from the No. 2 Seam, Witbank Coalfield (South Africa): Insights from petrography, NMR and XRD",2021,International Journal of Coal Geology,https://doi.org/10.1016/j.coal.2021.103857,Addresses contact-rich robot world models or a neighboring robotics mechanism.,"Prior work usually predicts, ranks, filters, or imitates observed behavior rather than preserving unrealized branches.",The observed outcome is enough to supervise the model.,"Contact mode support, embodiment limits, and deployment perturbations.","Branch collapse, hidden-mode shift, and tail-risk planning failures.",Generic world models and generic uncertainty are crowded.,Contact topology world models keeps action-critical alternatives explicit until a physical observation collapses them.
75,arxiv:2402.11871v6,From Real World to Logic and Back: Learning Generalizable Relational Concepts For Long Horizon Robot Planning,2024,arXiv,http://arxiv.org/abs/2402.11871v6,Addresses contact-rich robot world models or a neighboring robotics mechanism.,"Prior work usually predicts, ranks, filters, or imitates observed behavior rather than preserving unrealized branches.",The observed outcome is enough to supervise the model.,"Contact mode support, embodiment limits, and deployment perturbations.","Branch collapse, hidden-mode shift, and tail-risk planning failures.",Generic world models and generic uncertainty are crowded.,Contact topology world models keeps action-critical alternatives explicit until a physical observation collapses them.
76,doi:10.3390/bdcc10050134,A Physically Regularized Control-Oriented State Model and Nonlinear Model Predictive Control Framework for an Ice Rink Refrigeration System,2026,Big Data and Cognitive Computing,https://doi.org/10.3390/bdcc10050134,Addresses contact-rich robot world models or a neighboring robotics mechanism.,"Prior work usually predicts, ranks, filters, or imitates observed behavior rather than preserving unrealized branches.",The observed outcome is enough to supervise the model.,"Contact mode support, embodiment limits, and deployment perturbations.","Branch collapse, hidden-mode shift, and tail-risk planning failures.",Generic world models and generic uncertainty are crowded.,Contact topology world models keeps action-critical alternatives explicit until a physical observation collapses them.
77,doi:10.62311/nesx/rb-978-81-998923-9-2,Knowledge Graph and Large Language Model–Based Systems for Accelerating Research and Development Services,2026,,https://doi.org/10.62311/nesx/rb-978-81-998923-9-2,Addresses contact-rich robot world models or a neighboring robotics mechanism.,"Prior work usually predicts, ranks, filters, or imitates observed behavior rather than preserving unrealized branches.",The observed outcome is enough to supervise the model.,"Contact mode support, embodiment limits, and deployment perturbations.","Branch collapse, hidden-mode shift, and tail-risk planning failures.",Generic world models and generic uncertainty are crowded.,Contact topology world models keeps action-critical alternatives explicit until a physical observation collapses them.
78,arxiv:2605.27947v1,SANTS: A State-Adaptive Scheduler for World Action Models,2026,arXiv,http://arxiv.org/abs/2605.27947v1,Addresses contact-rich robot world models or a neighboring robotics mechanism.,"Prior work usually predicts, ranks, filters, or imitates observed behavior rather than preserving unrealized branches.",The observed outcome is enough to supervise the model.,"Contact mode support, embodiment limits, and deployment perturbations.","Branch collapse, hidden-mode shift, and tail-risk planning failures.",Generic world models and generic uncertainty are crowded.,Contact topology world models keeps action-critical alternatives explicit until a physical observation collapses them.
79,arxiv:2005.00227v1,Learning Compliance Adaptation in Contact-Rich Manipulation,2020,arXiv,http://arxiv.org/abs/2005.00227v1,Addresses contact-rich robot world models or a neighboring robotics mechanism.,"Prior work usually predicts, ranks, filters, or imitates observed behavior rather than preserving unrealized branches.",The observed outcome is enough to supervise the model.,"Contact mode support, embodiment limits, and deployment perturbations.","Branch collapse, hidden-mode shift, and tail-risk planning failures.",Generic world models and generic uncertainty are crowded.,Contact topology world models keeps action-critical alternatives explicit until a physical observation collapses them.
80,arxiv:2606.13672v1,"$\texttt{WEAVER}$, Better, Faster, Longer: An Effective World Model for Robotic Manipulation",2026,arXiv,http://arxiv.org/abs/2606.13672v1,Addresses contact-rich robot world models or a neighboring robotics mechanism.,"Prior work usually predicts, ranks, filters, or imitates observed behavior rather than preserving unrealized branches.",The observed outcome is enough to supervise the model.,"Contact mode support, embodiment limits, and deployment perturbations.","Branch collapse, hidden-mode shift, and tail-risk planning failures.",Generic world models and generic uncertainty are crowded.,Contact topology world models keeps action-critical alternatives explicit until a physical observation collapses them.
81,arxiv:2605.27582v1,Uni-LaViRA: Language-Vision-Robot Actions Translation for Unified Embodied Navigation,2026,arXiv,http://arxiv.org/abs/2605.27582v1,Addresses contact-rich robot world models or a neighboring robotics mechanism.,"Prior work usually predicts, ranks, filters, or imitates observed behavior rather than preserving unrealized branches.",The observed outcome is enough to supervise the model.,"Contact mode support, embodiment limits, and deployment perturbations.","Branch collapse, hidden-mode shift, and tail-risk planning failures.",Generic world models and generic uncertainty are crowded.,Contact topology world models keeps action-critical alternatives explicit until a physical observation collapses them.
82,doi:10.1002/oca.2875,Maximum principle for stochastic optimal control problem of finite state forward‐backward stochastic difference systems,2022,Optimal Control Applications and Methods,https://doi.org/10.1002/oca.2875,Addresses contact-rich robot world models or a neighboring robotics mechanism.,"Prior work usually predicts, ranks, filters, or imitates observed behavior rather than preserving unrealized branches.",The observed outcome is enough to supervise the model.,"Contact mode support, embodiment limits, and deployment perturbations.","Branch collapse, hidden-mode shift, and tail-risk planning failures.",Generic world models and generic uncertainty are crowded.,Contact topology world models keeps action-critical alternatives explicit until a physical observation collapses them.
83,doi:10.1109/icra46639.2022.9811675,Symbolic State Estimation with Predicates for Contact-Rich Manipulation Tasks,2022,2022 International Conference on Robotics and Automation (ICRA),https://doi.org/10.1109/icra46639.2022.9811675,Addresses contact-rich robot world models or a neighboring robotics mechanism.,"Prior work usually predicts, ranks, filters, or imitates observed behavior rather than preserving unrealized branches.",The observed outcome is enough to supervise the model.,"Contact mode support, embodiment limits, and deployment perturbations.","Branch collapse, hidden-mode shift, and tail-risk planning failures.",Generic world models and generic uncertainty are crowded.,Contact topology world models keeps action-critical alternatives explicit until a physical observation collapses them.
84,arxiv:2601.07821v1,Failure-Aware RL: Reliable Offline-to-Online Reinforcement Learning with Self-Recovery for Real-World Manipulation,2026,arXiv,http://arxiv.org/abs/2601.07821v1,Addresses contact-rich robot world models or a neighboring robotics mechanism.,"Prior work usually predicts, ranks, filters, or imitates observed behavior rather than preserving unrealized branches.",The observed outcome is enough to supervise the model.,"Contact mode support, embodiment limits, and deployment perturbations.","Branch collapse, hidden-mode shift, and tail-risk planning failures.",Generic world models and generic uncertainty are crowded.,Contact topology world models keeps action-critical alternatives explicit until a physical observation collapses them.
85,doi:10.1075/slsi.25.02for,Units and/or Action Trajectories?,2013,Studies in Language and Social Interaction Units of Talk – Units of Action,https://doi.org/10.1075/slsi.25.02for,Addresses contact-rich robot world models or a neighboring robotics mechanism.,"Prior work usually predicts, ranks, filters, or imitates observed behavior rather than preserving unrealized branches.",The observed outcome is enough to supervise the model.,"Contact mode support, embodiment limits, and deployment perturbations.","Branch collapse, hidden-mode shift, and tail-risk planning failures.",Generic world models and generic uncertainty are crowded.,Contact topology world models keeps action-critical alternatives explicit until a physical observation collapses them.
86,doi:10.1109/humanoids.2016.7803285,Robot Contact Task State Estimation via Action Grammars,2016,arXiv,http://arxiv.org/abs/1609.04946v1,Addresses contact-rich robot world models or a neighboring robotics mechanism.,"Prior work usually predicts, ranks, filters, or imitates observed behavior rather than preserving unrealized branches.",The observed outcome is enough to supervise the model.,"Contact mode support, embodiment limits, and deployment perturbations.","Branch collapse, hidden-mode shift, and tail-risk planning failures.",Generic world models and generic uncertainty are crowded.,Contact topology world models keeps action-critical alternatives explicit until a physical observation collapses them.
87,doi:10.3390/agronomy15010190,Organic Fertilization Leads to N Limitation Rather than P Limitation in Both Vegetable Soils,2025,Agronomy,https://doi.org/10.3390/agronomy15010190,Addresses contact-rich robot world models or a neighboring robotics mechanism.,"Prior work usually predicts, ranks, filters, or imitates observed behavior rather than preserving unrealized branches.",The observed outcome is enough to supervise the model.,"Contact mode support, embodiment limits, and deployment perturbations.","Branch collapse, hidden-mode shift, and tail-risk planning failures.",Generic world models and generic uncertainty are crowded.,Contact topology world models keeps action-critical alternatives explicit until a physical observation collapses them.
88,doi:10.1103/9gnh-89jd,Herglotz Lagrangian neural networks: Learning dissipative dynamics via contact variational principles,2026,Physical Review Research,https://doi.org/10.1103/9gnh-89jd,Addresses contact-rich robot world models or a neighboring robotics mechanism.,"Prior work usually predicts, ranks, filters, or imitates observed behavior rather than preserving unrealized branches.",The observed outcome is enough to supervise the model.,"Contact mode support, embodiment limits, and deployment perturbations.","Branch collapse, hidden-mode shift, and tail-risk planning failures.",Generic world models and generic uncertainty are crowded.,Contact topology world models keeps action-critical alternatives explicit until a physical observation collapses them.
89,doi:10.63282/3050-9262.ijaidsml-v7i1p154,"Supervised, Unsupervised, and Semi-Supervised Learning: A Comparative Study for Real-World Adaptive Systems",2026,"International Journal of Artificial Intelligence, Data Science and Machine Learning",https://doi.org/10.63282/3050-9262.ijaidsml-v7i1p154,Addresses contact-rich robot world models or a neighboring robotics mechanism.,"Prior work usually predicts, ranks, filters, or imitates observed behavior rather than preserving unrealized branches.",The observed outcome is enough to supervise the model.,"Contact mode support, embodiment limits, and deployment perturbations.","Branch collapse, hidden-mode shift, and tail-risk planning failures.",Generic world models and generic uncertainty are crowded.,Contact topology world models keeps action-critical alternatives explicit until a physical observation collapses them.
90,doi:10.20944/preprints202604.0503.v1,Learning the Physical World from Videos: A Prospective Study on World Models,,,https://doi.org/10.20944/preprints202604.0503.v1,Addresses contact-rich robot world models or a neighboring robotics mechanism.,"Prior work usually predicts, ranks, filters, or imitates observed behavior rather than preserving unrealized branches.",The observed outcome is enough to supervise the model.,"Contact mode support, embodiment limits, and deployment perturbations.","Branch collapse, hidden-mode shift, and tail-risk planning failures.",Generic world models and generic uncertainty are crowded.,Contact topology world models keeps action-critical alternatives explicit until a physical observation collapses them.
91,doi:10.3390/agriculture15202170,A Deployment-Oriented Benchmarking of You Look Only Once (YOLO) Models for Orange Detection and Segmentation in Agricultural Robotics,2025,Agriculture,https://doi.org/10.3390/agriculture15202170,Addresses contact-rich robot world models or a neighboring robotics mechanism.,"Prior work usually predicts, ranks, filters, or imitates observed behavior rather than preserving unrealized branches.",The observed outcome is enough to supervise the model.,"Contact mode support, embodiment limits, and deployment perturbations.","Branch collapse, hidden-mode shift, and tail-risk planning failures.",Generic world models and generic uncertainty are crowded.,Contact topology world models keeps action-critical alternatives explicit until a physical observation collapses them.
92,doi:10.1109/lra.2019.2928212,Planning Approximate Exploration Trajectories for Model-Free Reinforcement Learning in Contact-Rich Manipulation,2019,IEEE Robotics and Automation Letters,https://doi.org/10.1109/lra.2019.2928212,Addresses contact-rich robot world models or a neighboring robotics mechanism.,"Prior work usually predicts, ranks, filters, or imitates observed behavior rather than preserving unrealized branches.",The observed outcome is enough to supervise the model.,"Contact mode support, embodiment limits, and deployment perturbations.","Branch collapse, hidden-mode shift, and tail-risk planning failures.",Generic world models and generic uncertainty are crowded.,Contact topology world models keeps action-critical alternatives explicit until a physical observation collapses them.
93,doi:10.1177/26349825221082167,Ethics as first method: Reframing geographies at an(other) ending-of-the-world as co-motion,2022,Environment and Planning F,https://doi.org/10.1177/26349825221082167,Addresses contact-rich robot world models or a neighboring robotics mechanism.,"Prior work usually predicts, ranks, filters, or imitates observed behavior rather than preserving unrealized branches.",The observed outcome is enough to supervise the model.,"Contact mode support, embodiment limits, and deployment perturbations.","Branch collapse, hidden-mode shift, and tail-risk planning failures.",Generic world models and generic uncertainty are crowded.,Contact topology world models keeps action-critical alternatives explicit until a physical observation collapses them.
94,doi:10.5708/ejmh.6.2011.2.3,Schools in a Media-Rich World : Opportunities and Constraints. ‘Changes of Environment’ in Civilisation and Informal Learning,2011,European Journal of Mental Health,https://doi.org/10.5708/ejmh.6.2011.2.3,Addresses contact-rich robot world models or a neighboring robotics mechanism.,"Prior work usually predicts, ranks, filters, or imitates observed behavior rather than preserving unrealized branches.",The observed outcome is enough to supervise the model.,"Contact mode support, embodiment limits, and deployment perturbations.","Branch collapse, hidden-mode shift, and tail-risk planning failures.",Generic world models and generic uncertainty are crowded.,Contact topology world models keeps action-critical alternatives explicit until a physical observation collapses them.
95,doi:10.1109/icra.2019.8793572,State Estimation in Contact-Rich Manipulation,2019,2019 International Conference on Robotics and Automation (ICRA),https://doi.org/10.1109/icra.2019.8793572,Addresses contact-rich robot world models or a neighboring robotics mechanism.,"Prior work usually predicts, ranks, filters, or imitates observed behavior rather than preserving unrealized branches.",The observed outcome is enough to supervise the model.,"Contact mode support, embodiment limits, and deployment perturbations.","Branch collapse, hidden-mode shift, and tail-risk planning failures.",Generic world models and generic uncertainty are crowded.,Contact topology world models keeps action-critical alternatives explicit until a physical observation collapses them.
96,doi:10.1002/ejhf.1585,Heart Failure Around the World,2019,European Journal of Heart Failure,https://doi.org/10.1002/ejhf.1585,Addresses contact-rich robot world models or a neighboring robotics mechanism.,"Prior work usually predicts, ranks, filters, or imitates observed behavior rather than preserving unrealized branches.",The observed outcome is enough to supervise the model.,"Contact mode support, embodiment limits, and deployment perturbations.","Branch collapse, hidden-mode shift, and tail-risk planning failures.",Generic world models and generic uncertainty are crowded.,Contact topology world models keeps action-critical alternatives explicit until a physical observation collapses them.
97,doi:10.2139/ssrn.6353339,Prompt-Guided Large Language Model for Estimating the State of Charge of Containerized Lithium-Ion Battery Energy Storage Systems,,,https://doi.org/10.2139/ssrn.6353339,Addresses contact-rich robot world models or a neighboring robotics mechanism.,"Prior work usually predicts, ranks, filters, or imitates observed behavior rather than preserving unrealized branches.",The observed outcome is enough to supervise the model.,"Contact mode support, embodiment limits, and deployment perturbations.","Branch collapse, hidden-mode shift, and tail-risk planning failures.",Generic world models and generic uncertainty are crowded.,Contact topology world models keeps action-critical alternatives explicit until a physical observation collapses them.
98,arxiv:2605.17601v1,From a Single Demonstration to a General Policy for Contact-Rich Manipulation,2026,arXiv,http://arxiv.org/abs/2605.17601v1,Addresses contact-rich robot world models or a neighboring robotics mechanism.,"Prior work usually predicts, ranks, filters, or imitates observed behavior rather than preserving unrealized branches.",The observed outcome is enough to supervise the model.,"Contact mode support, embodiment limits, and deployment perturbations.","Branch collapse, hidden-mode shift, and tail-risk planning failures.",Generic world models and generic uncertainty are crowded.,Contact topology world models keeps action-critical alternatives explicit until a physical observation collapses them.
99,arxiv:2603.29090v1,HCLSM: Hierarchical Causal Latent State Machines for Object-Centric World Modeling,2026,arXiv,http://arxiv.org/abs/2603.29090v1,Addresses contact-rich robot world models or a neighboring robotics mechanism.,"Prior work usually predicts, ranks, filters, or imitates observed behavior rather than preserving unrealized branches.",The observed outcome is enough to supervise the model.,"Contact mode support, embodiment limits, and deployment perturbations.","Branch collapse, hidden-mode shift, and tail-risk planning failures.",Generic world models and generic uncertainty are crowded.,Contact topology world models keeps action-critical alternatives explicit until a physical observation collapses them.
100,arxiv:2602.16356v1,Articulated 3D Scene Graphs for Open-World Mobile Manipulation,2026,arXiv,http://arxiv.org/abs/2602.16356v1,Addresses contact-rich robot world models or a neighboring robotics mechanism.,"Prior work usually predicts, ranks, filters, or imitates observed behavior rather than preserving unrealized branches.",The observed outcome is enough to supervise the model.,"Contact mode support, embodiment limits, and deployment perturbations.","Branch collapse, hidden-mode shift, and tail-risk planning failures.",Generic world models and generic uncertainty are crowded.,Contact topology world models keeps action-critical alternatives explicit until a physical observation collapses them.
